bus_id,pp_index
sub_cadiz_substation_56,0
tower_0001,1
tower_0003,2
sub_allen_substation_85,3
tower_0004,4
tower_0005,5
tower_0006,6
sub_cebu_city_substation_14,7
sub_compostela_substation_15,8
sub_colon_substation_67,9
tower_0007,10
tower_0008,11
tower_0011,12
sub_tabango_substation_57,13
tower_0012,14
sub_osm_13,15
tower_0013,16
tower_0014,17
tower_0015,18
tower_0016,19
tower_0017,20
tower_0018,21
tower_0019,22
sub_maasin_substation_19,23
tower_0020,24
tower_0021,25
sub_milagro_substation_104,26
tower_0022,27
tower_0023,28
sub_daanbantayan_cable_terminal_27,29
sub_samboan_substation_101,30
tower_0024,31
sub_osm_83,32
sub_magdugo_substation_72,33
sub_national_grid_corporation_of_the_philippines_34,34
tower_0025,35
sub_bio_os_cable_terminal_66,36
sub_paranas_substation_47,37
tower_0026,38
sub_quiot_substation_40,39
tower_0027,40
tower_0028,41
tower_0029,42
tower_0030,43
sub_amlan_substation_33,44
tower_0034,45
tower_0035,46
sub_cabacungan_cable_terminal_36,47
tower_0037,48
tower_0038,49
sub_babatngon_substation_20,50
sub_ubay_substation_54,51
sub_tugas_terminal_submerged_ngcp_lines_58,52
sub_osm_55,53
tower_0040,54
tower_0041,55
tower_0042,56
tower_0043,57
tower_0045,58
sub_maasin_terminal_submerged_lines_59,59
sub_corella_substation_boheco_i_18,60
tower_0046,61
sub_osm_4,62
tower_0047,63
sub_trinidad_substation_73,64
sub_mandugo_substation_62,65
tower_0048,66
tower_0049,67
tower_0050,68
sub_san_jose_substation_116,69
sub_mandaue_gas_insulated_substation_64,70
sub_lapu_lapu_gas_insulated_substation_63,71
tower_0051,72
tower_0052,73
sub_toledo_substation_69,74
tower_0053,75
sub_bagolibas_substation_48,76
tower_0054,77
tower_0055,78
sub_alicia_substation_71,79
tower_0056,80
tower_0057,81
tower_0058,82
tower_0059,83
sub_catbalogan_sub_station_1,84
tower_0060,85
sub_santander_cable_terminal_82,86
tower_0062,87
tower_0063,88
sub_dumanjug_converter_station_100,89
tower_0064,90
tower_0065,91
sub_argao_cable_terminal_117,92
sub_bohol_cable_terminal_89,93
tower_0069,94
tower_0070,95
sub_colon_substation_86,96
sub_mabolo_substation_74,97
tower_0071,98
sub_carreta_substation_70,99
sub_guadalupe_substation_92,100
tower_0072,101
sub_camputhaw_substation_32,102
sub_cbp_substation_91,103
tower_0073,104
tower_0074,105
tower_0075,106
sub_bulacao_substation_93,107
sub_cebeco_iii_8,108
tower_0078,109
tower_0079,110
tower_0080,111
sub_cadiz_substation_96,112
sub_osm_80,113
tower_0081,114
sub_sagay_substation_98,115
sub_ginatilan_substation_102,116
tower_0082,117
tower_0083,118
tower_0084,119
tower_0085,120
tower_0086,121
tower_0087,122
tower_0088,123
tower_0089,124
tower_0090,125
tower_0091,126
tower_0092,127
tower_0093,128
tower_0094,129
tower_0095,130
tower_0096,131
tower_0097,132
tower_0098,133
sub_talvera_cable_terminal_10,134
sub_calatrava_cable_terminal_112,135
sub_calatrava_substation_113,136
tower_0099,137
tower_0100,138
sub_osm_2,139
sub_osm_3,140
sub_lugo_load_end_substation_6,141
sub_ceneco_murcia_substation_7,142
sub_javier_substation_9,143
sub_osm_11,144
sub_bohol_light_company_inc_substation_1_17,145
sub_osm_21,146
sub_osm_22,147
sub_medellin_load_end_substation_23,148
sub_osm_25,149
sub_osm_26,150
sub_osm_30,151
sub_capoocan_substation_31,152
sub_osm_35,153
sub_osm_37,154
sub_don_orestes_romualdez_electric_cooperative_inc_substation_41,155
sub_abucay_substation_42,156
sub_pnp_43,157
sub_lonoy_substation_44,158
sub_osm_46,159
sub_ngcp_substation_49,160
sub_maharlika_substation_50,161
sub_maca_as_substation_53,162
sub_osm_60,163
sub_osm_61,164
sub_carcar_substation_65,165
sub_siquijor_island_power_corporation_substation_76,166
sub_osm_77,167
sub_panaogao_substation_78,168
sub_bacayan_substation_79,169
sub_power_house_84,170
sub_osm_87,171
sub_cebu_cable_terminal_88,172
sub_bagacay_substation_90,173
sub_dauin_substation_94,174
sub_siaton_substation_103,175
sub_ormoc_solar_farm_106,176
sub_pulantubig_substation_107,177
sub_tanjay_substation_108,178
sub_bindoy_substation_109,179
sub_osm_110,180
sub_mayorga_substation_111,181
sub_albuera_electrode_station_114,182
sub_sagkahan_substation_115,183
sub_pajo_load_end_substation_118,184
sub_osm_120,185
sub_synth_aklan,186
sub_synth_antique,187
sub_synth_antique_F0_B0,188
sub_synth_antique_F0_B1,189
sub_synth_antique_F0_B2,190
sub_synth_antique_F0_B3,191
sub_synth_antique_F0_B4,192
sub_synth_antique_F0_B5,193
sub_synth_antique_F1_B0,194
sub_synth_antique_F1_B1,195
sub_synth_antique_F1_B2,196
sub_synth_antique_F1_B3,197
sub_synth_antique_F1_B4,198
sub_synth_antique_F1_B5,199
sub_synth_antique_F2_B0,200
sub_synth_antique_F2_B1,201
sub_synth_antique_F2_B2,202
sub_synth_antique_F2_B3,203
sub_synth_antique_F2_B4,204
sub_synth_antique_F2_B5,205
sub_synth_antique_F3_B0,206
sub_synth_antique_F3_B1,207
sub_synth_antique_F3_B2,208
sub_synth_antique_F3_B3,209
sub_synth_antique_F3_B4,210
sub_synth_antique_F3_B5,211
sub_osm_61_F0_B0,212
sub_osm_61_F0_B1,213
sub_osm_61_F0_B2,214
sub_osm_61_F0_B3,215
sub_osm_61_F0_B4,216
sub_osm_61_F0_B5,217
sub_osm_61_F1_B0,218
sub_osm_61_F1_B1,219
sub_osm_61_F1_B2,220
sub_osm_61_F1_B3,221
sub_osm_61_F1_B4,222
sub_osm_61_F1_B5,223
sub_osm_61_F3_B0,224
sub_osm_61_F3_B1,225
sub_osm_61_F3_B2,226
sub_osm_61_F3_B3,227
sub_osm_61_F3_B4,228
sub_osm_61_F3_B5,229
sub_osm_37_F0_B0,230
sub_osm_37_F0_B1,231
sub_osm_37_F0_B2,232
sub_osm_37_F0_B3,233
sub_osm_37_F0_B4,234
sub_osm_37_F0_B5,235
sub_osm_37_F1_B0,236
sub_osm_37_F1_B1,237
sub_osm_37_F1_B2,238
sub_osm_37_F1_B3,239
sub_osm_37_F1_B4,240
sub_osm_37_F1_B5,241
sub_osm_37_F2_B0,242
sub_osm_37_F2_B1,243
sub_osm_37_F2_B2,244
sub_osm_37_F2_B3,245
sub_osm_37_F2_B4,246
sub_osm_37_F2_B5,247
sub_osm_37_F3_B0,248
sub_osm_37_F3_B1,249
sub_osm_37_F3_B2,250
sub_osm_37_F3_B3,251
sub_osm_37_F3_B4,252
sub_osm_37_F3_B5,253
sub_osm_60_F0_B0,254
sub_osm_60_F0_B1,255
sub_osm_60_F0_B2,256
sub_osm_60_F0_B3,257
sub_osm_60_F0_B4,258
sub_osm_60_F0_B5,259
sub_osm_60_F1_B0,260
sub_osm_60_F1_B1,261
sub_osm_60_F1_B2,262
sub_osm_60_F1_B3,263
sub_osm_60_F1_B4,264
sub_osm_60_F1_B5,265
sub_osm_60_F2_B0,266
sub_osm_60_F2_B1,267
sub_osm_60_F2_B2,268
sub_osm_60_F2_B3,269
sub_osm_60_F2_B4,270
sub_osm_60_F2_B5,271
sub_osm_60_F3_B0,272
sub_osm_60_F3_B1,273
sub_osm_60_F3_B2,274
sub_osm_60_F3_B3,275
sub_osm_60_F3_B4,276
sub_osm_60_F3_B5,277
sub_allen_substation_85_F0_B0,278
sub_allen_substation_85_F0_B1,279
sub_allen_substation_85_F0_B2,280
sub_allen_substation_85_F0_B3,281
sub_allen_substation_85_F0_B4,282
sub_allen_substation_85_F0_B5,283
sub_allen_substation_85_F1_B0,284
sub_allen_substation_85_F1_B1,285
sub_allen_substation_85_F1_B2,286
sub_allen_substation_85_F1_B3,287
sub_allen_substation_85_F1_B4,288
sub_allen_substation_85_F1_B5,289
sub_allen_substation_85_F2_B0,290
sub_allen_substation_85_F2_B1,291
sub_allen_substation_85_F2_B2,292
sub_allen_substation_85_F2_B3,293
sub_allen_substation_85_F2_B4,294
sub_allen_substation_85_F2_B5,295
sub_allen_substation_85_F3_B0,296
sub_allen_substation_85_F3_B1,297
sub_allen_substation_85_F3_B2,298
sub_allen_substation_85_F3_B3,299
sub_allen_substation_85_F3_B4,300
sub_allen_substation_85_F3_B5,301
sub_cabacungan_cable_terminal_36_F0_B0,302
sub_cabacungan_cable_terminal_36_F0_B1,303
sub_cabacungan_cable_terminal_36_F2_B0,304
sub_cabacungan_cable_terminal_36_F2_B1,305
sub_cabacungan_cable_terminal_36_F2_B2,306
sub_cabacungan_cable_terminal_36_F2_B3,307
sub_cabacungan_cable_terminal_36_F2_B4,308
sub_cabacungan_cable_terminal_36_F2_B5,309
sub_cabacungan_cable_terminal_36_F3_B0,310
sub_cabacungan_cable_terminal_36_F3_B1,311
sub_cabacungan_cable_terminal_36_F3_B2,312
sub_cabacungan_cable_terminal_36_F3_B3,313
sub_cabacungan_cable_terminal_36_F3_B4,314
sub_cabacungan_cable_terminal_36_F3_B5,315
sub_osm_35_F0_B0,316
sub_osm_35_F0_B1,317
sub_osm_35_F0_B2,318
sub_osm_35_F0_B3,319
sub_osm_35_F0_B4,320
sub_osm_35_F0_B5,321
sub_osm_35_F1_B0,322
sub_osm_35_F1_B1,323
sub_osm_35_F1_B2,324
sub_osm_35_F1_B3,325
sub_osm_35_F1_B4,326
sub_osm_35_F1_B5,327
sub_osm_35_F2_B0,328
sub_osm_35_F2_B1,329
sub_osm_35_F2_B2,330
sub_osm_35_F2_B3,331
sub_osm_35_F2_B4,332
sub_osm_35_F2_B5,333
sub_osm_35_F3_B0,334
sub_osm_35_F3_B1,335
sub_osm_35_F3_B2,336
sub_osm_35_F3_B3,337
sub_osm_35_F3_B4,338
sub_osm_35_F3_B5,339
sub_national_grid_corporation_of_the_philippines_34_F0_B0,340
sub_national_grid_corporation_of_the_philippines_34_F0_B1,341
sub_national_grid_corporation_of_the_philippines_34_F0_B2,342
sub_national_grid_corporation_of_the_philippines_34_F0_B3,343
sub_national_grid_corporation_of_the_philippines_34_F0_B4,344
sub_national_grid_corporation_of_the_philippines_34_F0_B5,345
sub_national_grid_corporation_of_the_philippines_34_F1_B0,346
sub_national_grid_corporation_of_the_philippines_34_F1_B1,347
sub_national_grid_corporation_of_the_philippines_34_F1_B2,348
sub_national_grid_corporation_of_the_philippines_34_F1_B3,349
sub_national_grid_corporation_of_the_philippines_34_F1_B4,350
sub_national_grid_corporation_of_the_philippines_34_F1_B5,351
sub_national_grid_corporation_of_the_philippines_34_F3_B0,352
sub_national_grid_corporation_of_the_philippines_34_F3_B1,353
sub_national_grid_corporation_of_the_philippines_34_F3_B2,354
sub_national_grid_corporation_of_the_philippines_34_F3_B3,355
sub_national_grid_corporation_of_the_philippines_34_F3_B4,356
sub_national_grid_corporation_of_the_philippines_34_F3_B5,357
sub_paranas_substation_47_F0_B0,358
sub_paranas_substation_47_F0_B1,359
sub_paranas_substation_47_F0_B2,360
sub_paranas_substation_47_F0_B3,361
sub_paranas_substation_47_F0_B4,362
sub_paranas_substation_47_F0_B5,363
sub_paranas_substation_47_F1_B0,364
sub_paranas_substation_47_F1_B1,365
sub_paranas_substation_47_F1_B2,366
sub_paranas_substation_47_F1_B3,367
sub_paranas_substation_47_F1_B4,368
sub_paranas_substation_47_F1_B5,369
sub_paranas_substation_47_F2_B0,370
sub_paranas_substation_47_F2_B1,371
sub_paranas_substation_47_F2_B2,372
sub_paranas_substation_47_F2_B3,373
sub_paranas_substation_47_F2_B4,374
sub_paranas_substation_47_F2_B5,375
sub_paranas_substation_47_F3_B0,376
sub_paranas_substation_47_F3_B1,377
sub_paranas_substation_47_F3_B2,378
sub_paranas_substation_47_F3_B3,379
sub_paranas_substation_47_F3_B4,380
sub_paranas_substation_47_F3_B5,381
sub_bagolibas_substation_48_F0_B0,382
sub_bagolibas_substation_48_F0_B1,383
sub_bagolibas_substation_48_F0_B2,384
sub_bagolibas_substation_48_F0_B3,385
sub_bagolibas_substation_48_F0_B4,386
sub_bagolibas_substation_48_F0_B5,387
sub_bagolibas_substation_48_F1_B0,388
sub_bagolibas_substation_48_F1_B1,389
sub_bagolibas_substation_48_F1_B2,390
sub_bagolibas_substation_48_F1_B3,391
sub_bagolibas_substation_48_F1_B4,392
sub_bagolibas_substation_48_F1_B5,393
sub_bagolibas_substation_48_F2_B0,394
sub_bagolibas_substation_48_F2_B1,395
sub_bagolibas_substation_48_F2_B2,396
sub_bagolibas_substation_48_F2_B3,397
sub_bagolibas_substation_48_F3_B0,398
sub_bagolibas_substation_48_F3_B1,399
sub_bagolibas_substation_48_F3_B2,400
sub_bagolibas_substation_48_F3_B3,401
sub_bagolibas_substation_48_F3_B4,402
sub_bagolibas_substation_48_F3_B5,403
sub_catbalogan_sub_station_1_F0_B0,404
sub_catbalogan_sub_station_1_F0_B1,405
sub_catbalogan_sub_station_1_F0_B2,406
sub_catbalogan_sub_station_1_F0_B3,407
sub_catbalogan_sub_station_1_F0_B4,408
sub_catbalogan_sub_station_1_F0_B5,409
sub_catbalogan_sub_station_1_F1_B0,410
sub_catbalogan_sub_station_1_F1_B1,411
sub_catbalogan_sub_station_1_F1_B2,412
sub_catbalogan_sub_station_1_F1_B3,413
sub_catbalogan_sub_station_1_F1_B4,414
sub_catbalogan_sub_station_1_F1_B5,415
sub_catbalogan_sub_station_1_F2_B0,416
sub_catbalogan_sub_station_1_F3_B0,417
sub_catbalogan_sub_station_1_F3_B1,418
sub_catbalogan_sub_station_1_F3_B2,419
sub_catbalogan_sub_station_1_F3_B3,420
sub_catbalogan_sub_station_1_F3_B4,421
sub_catbalogan_sub_station_1_F3_B5,422
sub_osm_30_F0_B0,423
sub_osm_30_F0_B1,424
sub_osm_30_F0_B2,425
sub_osm_30_F0_B3,426
sub_osm_30_F0_B4,427
sub_osm_30_F0_B5,428
sub_osm_30_F1_B0,429
sub_osm_30_F1_B1,430
sub_osm_30_F1_B2,431
sub_osm_30_F1_B3,432
sub_osm_30_F1_B4,433
sub_osm_30_F1_B5,434
sub_osm_30_F2_B0,435
sub_osm_30_F2_B1,436
sub_osm_30_F2_B2,437
sub_osm_30_F2_B3,438
sub_osm_30_F2_B4,439
sub_osm_30_F2_B5,440
sub_osm_30_F3_B0,441
sub_osm_30_F3_B1,442
sub_osm_30_F3_B2,443
sub_osm_30_F3_B3,444
sub_osm_30_F3_B4,445
sub_osm_30_F3_B5,446
sub_capoocan_substation_31_F0_B0,447
sub_capoocan_substation_31_F0_B1,448
sub_capoocan_substation_31_F0_B2,449
sub_capoocan_substation_31_F0_B3,450
sub_capoocan_substation_31_F0_B4,451
sub_capoocan_substation_31_F0_B5,452
sub_capoocan_substation_31_F1_B0,453
sub_capoocan_substation_31_F1_B1,454
sub_capoocan_substation_31_F1_B2,455
sub_capoocan_substation_31_F1_B3,456
sub_capoocan_substation_31_F1_B4,457
sub_capoocan_substation_31_F1_B5,458
sub_capoocan_substation_31_F3_B0,459
sub_capoocan_substation_31_F3_B1,460
sub_capoocan_substation_31_F3_B2,461
sub_capoocan_substation_31_F3_B3,462
sub_capoocan_substation_31_F3_B4,463
sub_capoocan_substation_31_F3_B5,464
sub_lonoy_substation_44_F0_B0,465
sub_lonoy_substation_44_F0_B1,466
sub_lonoy_substation_44_F0_B2,467
sub_lonoy_substation_44_F0_B3,468
sub_lonoy_substation_44_F0_B4,469
sub_lonoy_substation_44_F0_B5,470
sub_lonoy_substation_44_F1_B0,471
sub_lonoy_substation_44_F1_B1,472
sub_lonoy_substation_44_F1_B2,473
sub_lonoy_substation_44_F1_B3,474
sub_lonoy_substation_44_F1_B4,475
sub_lonoy_substation_44_F1_B5,476
sub_lonoy_substation_44_F2_B0,477
sub_lonoy_substation_44_F2_B1,478
sub_lonoy_substation_44_F2_B2,479
sub_lonoy_substation_44_F2_B3,480
sub_lonoy_substation_44_F2_B4,481
sub_lonoy_substation_44_F2_B5,482
sub_lonoy_substation_44_F3_B0,483
sub_lonoy_substation_44_F3_B1,484
sub_lonoy_substation_44_F3_B2,485
sub_lonoy_substation_44_F3_B3,486
sub_lonoy_substation_44_F3_B4,487
sub_lonoy_substation_44_F3_B5,488
sub_siquijor_island_power_corporation_substation_76_F0_B0,489
sub_siquijor_island_power_corporation_substation_76_F0_B1,490
sub_siquijor_island_power_corporation_substation_76_F0_B2,491
sub_siquijor_island_power_corporation_substation_76_F0_B3,492
sub_siquijor_island_power_corporation_substation_76_F0_B4,493
sub_siquijor_island_power_corporation_substation_76_F0_B5,494
sub_siquijor_island_power_corporation_substation_76_F1_B0,495
sub_siquijor_island_power_corporation_substation_76_F1_B1,496
sub_siquijor_island_power_corporation_substation_76_F1_B2,497
sub_siquijor_island_power_corporation_substation_76_F1_B3,498
sub_siquijor_island_power_corporation_substation_76_F1_B4,499
sub_siquijor_island_power_corporation_substation_76_F1_B5,500
sub_siquijor_island_power_corporation_substation_76_F2_B0,501
sub_siquijor_island_power_corporation_substation_76_F2_B1,502
sub_siquijor_island_power_corporation_substation_76_F2_B2,503
sub_siquijor_island_power_corporation_substation_76_F2_B3,504
sub_siquijor_island_power_corporation_substation_76_F2_B4,505
sub_siquijor_island_power_corporation_substation_76_F2_B5,506
sub_siquijor_island_power_corporation_substation_76_F3_B0,507
sub_siquijor_island_power_corporation_substation_76_F3_B1,508
sub_siquijor_island_power_corporation_substation_76_F3_B2,509
sub_maasin_substation_19_F0_B0,510
sub_maasin_substation_19_F0_B1,511
sub_maasin_substation_19_F0_B2,512
sub_maasin_substation_19_F0_B3,513
sub_maasin_substation_19_F0_B4,514
sub_maasin_substation_19_F0_B5,515
sub_maasin_substation_19_F1_B0,516
sub_maasin_substation_19_F1_B1,517
sub_maasin_substation_19_F1_B2,518
sub_maasin_substation_19_F1_B3,519
sub_maasin_substation_19_F2_B0,520
sub_maasin_substation_19_F2_B1,521
sub_maasin_substation_19_F3_B0,522
sub_maasin_substation_19_F3_B1,523
sub_maasin_substation_19_F3_B2,524
sub_maasin_substation_19_F3_B3,525
sub_maasin_substation_19_F3_B4,526
sub_maasin_substation_19_F3_B5,527
sub_maasin_terminal_submerged_lines_59_F0_B0,528
sub_maasin_terminal_submerged_lines_59_F0_B1,529
sub_maasin_terminal_submerged_lines_59_F0_B2,530
sub_maasin_terminal_submerged_lines_59_F0_B3,531
sub_maasin_terminal_submerged_lines_59_F0_B4,532
sub_maasin_terminal_submerged_lines_59_F0_B5,533
sub_maasin_terminal_submerged_lines_59_F1_B0,534
sub_maasin_terminal_submerged_lines_59_F3_B0,535
sub_maasin_terminal_submerged_lines_59_F3_B1,536
sub_maasin_terminal_submerged_lines_59_F3_B2,537
sub_maasin_terminal_submerged_lines_59_F3_B3,538
sub_maasin_terminal_submerged_lines_59_F3_B4,539
sub_maasin_terminal_submerged_lines_59_F3_B5,540
sub_osm_3_F1_B0,541
sub_osm_3_F1_B1,542
sub_osm_3_F1_B2,543
sub_osm_3_F1_B3,544
sub_osm_3_F1_B4,545
sub_osm_3_F1_B5,546
sub_osm_3_F2_B0,547
sub_osm_3_F2_B1,548
sub_osm_3_F2_B2,549
sub_osm_3_F2_B3,550
sub_osm_3_F2_B4,551
sub_osm_3_F2_B5,552
sub_osm_3_F3_B0,553
sub_osm_3_F3_B1,554
sub_osm_3_F3_B2,555
sub_osm_3_F3_B3,556
sub_osm_3_F3_B4,557
sub_osm_3_F3_B5,558
v1_07corella,559
v1_07tapal,560
v1_05cebu,561
v1_05daanbntay,562
v1_05naga,563
v1_05therma,564
v1_08bvista,565
v1_04babatngn,566
v1_04kananga,567
v1_04tongona,568
v1_06bacolod,569
v1_06gahit,570
v1_06kabankalan,571
v1_06mabinay,572
v1_06pgpp1,573
v1_06pgpp2,574
v1_08bantap,575
v1_08barotac,576
v1_08dingle,577
v1_08iloilo1,578
v1_08nabas,579
v1_08panitan,580
v1_08snjose,581
v1_08stbarbra,582
sub_osm_4_F0_B0,583
sub_osm_4_F0_B1,584
sub_osm_4_F0_B2,585
sub_osm_4_F0_B3,586
sub_osm_4_F0_B4,587
sub_osm_4_F0_B5,588
sub_osm_4_F1_B0,589
sub_osm_4_F1_B1,590
sub_osm_4_F1_B2,591
sub_osm_4_F1_B3,592
sub_osm_4_F1_B4,593
sub_osm_4_F1_B5,594
sub_osm_4_F2_B0,595
sub_osm_4_F2_B1,596
sub_osm_4_F2_B2,597
sub_osm_4_F2_B3,598
sub_osm_4_F2_B4,599
sub_osm_4_F2_B5,600
sub_osm_4_F3_B0,601
sub_osm_4_F3_B1,602
sub_osm_4_F3_B2,603
sub_osm_4_F3_B3,604
sub_osm_4_F3_B4,605
sub_osm_4_F3_B5,606
v1_08bantap_F0_B0,607
v1_08bantap_F0_B1,608
v1_08bantap_F0_B2,609
v1_08bantap_F0_B3,610
v1_08bantap_F0_B4,611
v1_08bantap_F0_B5,612
v1_08bantap_F1_B0,613
v1_08bantap_F1_B1,614
v1_08bantap_F1_B2,615
v1_08bantap_F1_B3,616
v1_08bantap_F1_B4,617
v1_08bantap_F1_B5,618
v1_08bantap_F2_B0,619
v1_08bantap_F2_B1,620
v1_08bantap_F2_B2,621
v1_08bantap_F2_B3,622
v1_08bantap_F2_B4,623
v1_08bantap_F2_B5,624
v1_08bantap_F3_B0,625
v1_08bantap_F3_B1,626
v1_08barotac_F0_B0,627
v1_08barotac_F0_B1,628
v1_08barotac_F0_B2,629
v1_08barotac_F0_B3,630
v1_08barotac_F0_B4,631
v1_08barotac_F0_B5,632
v1_08barotac_F1_B0,633
v1_08barotac_F1_B1,634
v1_08barotac_F1_B2,635
v1_08barotac_F1_B3,636
v1_08barotac_F1_B4,637
v1_08barotac_F1_B5,638
v1_08barotac_F2_B0,639
v1_08barotac_F2_B1,640
v1_08barotac_F2_B2,641
v1_08barotac_F2_B3,642
v1_08barotac_F2_B4,643
v1_08barotac_F2_B5,644
v1_08dingle_F0_B0,645
v1_08dingle_F0_B1,646
v1_08dingle_F0_B2,647
v1_08dingle_F0_B3,648
v1_08dingle_F0_B4,649
v1_08dingle_F0_B5,650
v1_08dingle_F1_B0,651
v1_08dingle_F1_B1,652
v1_08dingle_F1_B2,653
v1_08dingle_F1_B3,654
v1_08dingle_F1_B4,655
v1_08dingle_F1_B5,656
v1_08dingle_F2_B0,657
v1_08dingle_F2_B1,658
v1_08dingle_F2_B2,659
v1_08dingle_F2_B3,660
v1_08dingle_F2_B4,661
v1_08dingle_F2_B5,662
v1_08dingle_F3_B0,663
v1_08dingle_F3_B1,664
v1_08dingle_F3_B2,665
v1_08dingle_F3_B3,666
v1_08dingle_F3_B4,667
v1_08dingle_F3_B5,668
v1_08iloilo1_F0_B0,669
v1_08iloilo1_F0_B1,670
v1_08iloilo1_F0_B2,671
v1_08iloilo1_F0_B3,672
v1_08iloilo1_F0_B4,673
v1_08iloilo1_F0_B5,674
v1_08iloilo1_F1_B0,675
v1_08iloilo1_F1_B1,676
v1_08iloilo1_F1_B2,677
v1_08iloilo1_F1_B3,678
v1_08iloilo1_F1_B4,679
v1_08iloilo1_F1_B5,680
v1_08iloilo1_F2_B0,681
v1_08iloilo1_F2_B1,682
v1_08iloilo1_F2_B2,683
v1_08iloilo1_F2_B3,684
v1_08snjose_F0_B0,685
v1_08snjose_F0_B1,686
v1_08snjose_F0_B2,687
v1_08snjose_F0_B3,688
v1_08snjose_F0_B4,689
v1_08snjose_F0_B5,690
v1_08snjose_F1_B0,691
v1_08snjose_F1_B1,692
v1_08snjose_F1_B2,693
v1_08snjose_F1_B3,694
v1_08snjose_F1_B4,695
v1_08snjose_F1_B5,696
v1_08snjose_F2_B0,697
v1_08snjose_F2_B1,698
v1_08snjose_F2_B2,699
v1_08snjose_F2_B3,700
v1_08snjose_F2_B4,701
v1_08snjose_F2_B5,702
v1_08snjose_F3_B0,703
v1_08snjose_F3_B1,704
v1_08snjose_F3_B2,705
v1_08snjose_F3_B3,706
v1_08snjose_F3_B4,707
v1_08snjose_F3_B5,708
v1_08stbarbra_F0_B0,709
v1_08stbarbra_F0_B1,710
v1_08stbarbra_F0_B2,711
v1_08stbarbra_F0_B3,712
v1_08stbarbra_F0_B4,713
v1_08stbarbra_F0_B5,714
v1_08stbarbra_F1_B0,715
v1_08stbarbra_F1_B1,716
v1_08stbarbra_F1_B2,717
v1_08stbarbra_F1_B3,718
v1_08stbarbra_F1_B4,719
v1_08stbarbra_F1_B5,720
v1_08stbarbra_F2_B0,721
v1_08stbarbra_F2_B1,722
v1_08stbarbra_F2_B2,723
v1_08stbarbra_F2_B3,724
v1_08stbarbra_F2_B4,725
v1_08stbarbra_F2_B5,726
v1_08stbarbra_F3_B0,727
v1_08stbarbra_F3_B1,728
v1_08stbarbra_F3_B2,729
v1_08stbarbra_F3_B3,730
v1_08stbarbra_F3_B4,731
v1_08stbarbra_F3_B5,732
sub_synth_aklan_F0_B0,733
sub_synth_aklan_F0_B1,734
sub_synth_aklan_F0_B2,735
sub_synth_aklan_F0_B3,736
sub_synth_aklan_F0_B4,737
sub_synth_aklan_F0_B5,738
sub_synth_aklan_F1_B0,739
sub_synth_aklan_F1_B1,740
sub_synth_aklan_F1_B2,741
sub_synth_aklan_F1_B3,742
sub_synth_aklan_F1_B4,743
sub_synth_aklan_F1_B5,744
sub_synth_aklan_F2_B0,745
sub_synth_aklan_F2_B1,746
sub_synth_aklan_F2_B2,747
sub_synth_aklan_F2_B3,748
sub_synth_aklan_F2_B4,749
sub_synth_aklan_F2_B5,750
sub_synth_aklan_F3_B0,751
sub_synth_aklan_F3_B1,752
sub_synth_aklan_F3_B2,753
sub_synth_aklan_F3_B3,754
sub_synth_aklan_F3_B4,755
sub_synth_aklan_F3_B5,756
v1_08nabas_F0_B0,757
v1_08nabas_F0_B1,758
v1_08nabas_F1_B0,759
v1_08nabas_F1_B1,760
v1_08nabas_F1_B2,761
v1_08nabas_F1_B3,762
v1_08nabas_F1_B4,763
v1_08nabas_F1_B5,764
v1_08nabas_F2_B0,765
v1_08nabas_F2_B1,766
v1_08nabas_F2_B2,767
v1_08nabas_F2_B3,768
v1_08nabas_F2_B4,769
v1_08nabas_F2_B5,770
v1_08nabas_F3_B0,771
v1_08nabas_F3_B1,772
v1_08nabas_F3_B2,773
v1_08nabas_F3_B3,774
v1_08nabas_F3_B4,775
v1_08nabas_F3_B5,776
sub_ubay_substation_54_F0_B0,777
sub_ubay_substation_54_F0_B1,778
sub_ubay_substation_54_F0_B2,779
sub_ubay_substation_54_F0_B3,780
sub_ubay_substation_54_F0_B4,781
sub_ubay_substation_54_F0_B5,782
sub_ubay_substation_54_F1_B0,783
sub_ubay_substation_54_F1_B1,784
sub_ubay_substation_54_F1_B2,785
sub_ubay_substation_54_F1_B3,786
sub_ubay_substation_54_F1_B4,787
sub_ubay_substation_54_F1_B5,788
sub_ubay_substation_54_F2_B0,789
sub_ubay_substation_54_F2_B1,790
sub_ubay_substation_54_F2_B2,791
sub_ubay_substation_54_F2_B3,792
sub_ubay_substation_54_F2_B4,793
sub_ubay_substation_54_F2_B5,794
sub_ubay_substation_54_F3_B0,795
sub_ubay_substation_54_F3_B1,796
sub_ubay_substation_54_F3_B2,797
sub_ubay_substation_54_F3_B3,798
sub_ubay_substation_54_F3_B4,799
sub_ubay_substation_54_F3_B5,800
sub_tugas_terminal_submerged_ngcp_lines_58_F0_B0,801
sub_tugas_terminal_submerged_ngcp_lines_58_F1_B0,802
sub_tugas_terminal_submerged_ngcp_lines_58_F1_B1,803
sub_tugas_terminal_submerged_ngcp_lines_58_F1_B2,804
sub_tugas_terminal_submerged_ngcp_lines_58_F1_B3,805
sub_tugas_terminal_submerged_ngcp_lines_58_F1_B4,806
sub_tugas_terminal_submerged_ngcp_lines_58_F1_B5,807
sub_tugas_terminal_submerged_ngcp_lines_58_F2_B0,808
sub_tugas_terminal_submerged_ngcp_lines_58_F2_B1,809
sub_tugas_terminal_submerged_ngcp_lines_58_F2_B2,810
sub_tugas_terminal_submerged_ngcp_lines_58_F2_B3,811
sub_tugas_terminal_submerged_ngcp_lines_58_F2_B4,812
sub_tugas_terminal_submerged_ngcp_lines_58_F2_B5,813
sub_corella_substation_boheco_i_18_F0_B0,814
sub_corella_substation_boheco_i_18_F0_B1,815
sub_corella_substation_boheco_i_18_F0_B2,816
sub_corella_substation_boheco_i_18_F0_B3,817
sub_corella_substation_boheco_i_18_F0_B4,818
sub_corella_substation_boheco_i_18_F0_B5,819
sub_corella_substation_boheco_i_18_F1_B0,820
sub_corella_substation_boheco_i_18_F1_B1,821
sub_corella_substation_boheco_i_18_F1_B2,822
sub_corella_substation_boheco_i_18_F1_B3,823
sub_corella_substation_boheco_i_18_F1_B4,824
sub_corella_substation_boheco_i_18_F1_B5,825
sub_corella_substation_boheco_i_18_F2_B0,826
sub_corella_substation_boheco_i_18_F2_B1,827
sub_corella_substation_boheco_i_18_F2_B2,828
sub_corella_substation_boheco_i_18_F2_B3,829
sub_corella_substation_boheco_i_18_F2_B4,830
sub_corella_substation_boheco_i_18_F2_B5,831
sub_corella_substation_boheco_i_18_F3_B0,832
sub_corella_substation_boheco_i_18_F3_B1,833
sub_corella_substation_boheco_i_18_F3_B2,834
sub_corella_substation_boheco_i_18_F3_B3,835
sub_corella_substation_boheco_i_18_F3_B4,836
sub_corella_substation_boheco_i_18_F3_B5,837
sub_trinidad_substation_73_F0_B0,838
sub_trinidad_substation_73_F0_B1,839
sub_trinidad_substation_73_F0_B2,840
sub_trinidad_substation_73_F0_B3,841
sub_trinidad_substation_73_F0_B4,842
sub_trinidad_substation_73_F0_B5,843
sub_trinidad_substation_73_F1_B0,844
sub_trinidad_substation_73_F1_B1,845
sub_trinidad_substation_73_F1_B2,846
sub_trinidad_substation_73_F1_B3,847
sub_trinidad_substation_73_F1_B4,848
sub_trinidad_substation_73_F1_B5,849
sub_trinidad_substation_73_F2_B0,850
sub_trinidad_substation_73_F2_B1,851
sub_trinidad_substation_73_F2_B2,852
sub_trinidad_substation_73_F2_B3,853
sub_trinidad_substation_73_F2_B4,854
sub_trinidad_substation_73_F2_B5,855
sub_trinidad_substation_73_F3_B0,856
sub_trinidad_substation_73_F3_B1,857
sub_trinidad_substation_73_F3_B2,858
sub_trinidad_substation_73_F3_B3,859
sub_trinidad_substation_73_F3_B4,860
sub_trinidad_substation_73_F3_B5,861
sub_alicia_substation_71_F0_B0,862
sub_alicia_substation_71_F0_B1,863
sub_alicia_substation_71_F0_B2,864
sub_alicia_substation_71_F0_B3,865
sub_alicia_substation_71_F0_B4,866
sub_alicia_substation_71_F0_B5,867
sub_alicia_substation_71_F1_B0,868
sub_alicia_substation_71_F1_B1,869
sub_alicia_substation_71_F1_B2,870
sub_alicia_substation_71_F1_B3,871
sub_alicia_substation_71_F1_B4,872
sub_alicia_substation_71_F1_B5,873
sub_alicia_substation_71_F2_B0,874
sub_alicia_substation_71_F2_B1,875
sub_alicia_substation_71_F2_B2,876
sub_alicia_substation_71_F2_B3,877
sub_alicia_substation_71_F2_B4,878
sub_alicia_substation_71_F2_B5,879
sub_alicia_substation_71_F3_B0,880
sub_alicia_substation_71_F3_B1,881
sub_alicia_substation_71_F3_B2,882
sub_alicia_substation_71_F3_B3,883
sub_alicia_substation_71_F3_B4,884
sub_alicia_substation_71_F3_B5,885
sub_bohol_cable_terminal_89_F0_B0,886
sub_bohol_cable_terminal_89_F0_B1,887
sub_bohol_cable_terminal_89_F0_B2,888
sub_bohol_cable_terminal_89_F0_B3,889
sub_bohol_cable_terminal_89_F0_B4,890
sub_bohol_cable_terminal_89_F0_B5,891
sub_bohol_cable_terminal_89_F1_B0,892
sub_bohol_cable_terminal_89_F1_B1,893
sub_bohol_cable_terminal_89_F1_B2,894
sub_bohol_cable_terminal_89_F1_B3,895
sub_bohol_cable_terminal_89_F1_B4,896
sub_bohol_cable_terminal_89_F1_B5,897
sub_bohol_cable_terminal_89_F3_B0,898
sub_bohol_light_company_inc_substation_1_17_F0_B0,899
sub_bohol_light_company_inc_substation_1_17_F0_B1,900
sub_bohol_light_company_inc_substation_1_17_F0_B2,901
sub_bohol_light_company_inc_substation_1_17_F0_B3,902
sub_bohol_light_company_inc_substation_1_17_F0_B4,903
sub_bohol_light_company_inc_substation_1_17_F0_B5,904
sub_bohol_light_company_inc_substation_1_17_F1_B0,905
sub_bohol_light_company_inc_substation_1_17_F1_B1,906
sub_bohol_light_company_inc_substation_1_17_F1_B2,907
sub_bohol_light_company_inc_substation_1_17_F1_B3,908
sub_bohol_light_company_inc_substation_1_17_F1_B4,909
sub_bohol_light_company_inc_substation_1_17_F1_B5,910
sub_bohol_light_company_inc_substation_1_17_F2_B0,911
sub_bohol_light_company_inc_substation_1_17_F2_B1,912
sub_bohol_light_company_inc_substation_1_17_F2_B2,913
sub_bohol_light_company_inc_substation_1_17_F2_B3,914
sub_bohol_light_company_inc_substation_1_17_F2_B4,915
sub_bohol_light_company_inc_substation_1_17_F2_B5,916
sub_bohol_light_company_inc_substation_1_17_F3_B0,917
sub_bohol_light_company_inc_substation_1_17_F3_B1,918
sub_bohol_light_company_inc_substation_1_17_F3_B2,919
sub_bohol_light_company_inc_substation_1_17_F3_B3,920
sub_bohol_light_company_inc_substation_1_17_F3_B4,921
sub_bohol_light_company_inc_substation_1_17_F3_B5,922
sub_maca_as_substation_53_F0_B0,923
sub_maca_as_substation_53_F0_B1,924
sub_maca_as_substation_53_F0_B2,925
sub_maca_as_substation_53_F0_B3,926
sub_maca_as_substation_53_F0_B4,927
sub_maca_as_substation_53_F0_B5,928
sub_maca_as_substation_53_F1_B0,929
sub_maca_as_substation_53_F1_B1,930
sub_maca_as_substation_53_F2_B0,931
sub_maca_as_substation_53_F2_B1,932
sub_maca_as_substation_53_F2_B2,933
sub_maca_as_substation_53_F2_B3,934
sub_maca_as_substation_53_F2_B4,935
sub_maca_as_substation_53_F2_B5,936
sub_maca_as_substation_53_F3_B0,937
sub_maca_as_substation_53_F3_B1,938
sub_maca_as_substation_53_F3_B2,939
sub_maca_as_substation_53_F3_B3,940
sub_maca_as_substation_53_F3_B4,941
sub_maca_as_substation_53_F3_B5,942
sub_power_house_84_F0_B0,943
sub_power_house_84_F0_B1,944
sub_power_house_84_F0_B2,945
sub_power_house_84_F0_B3,946
sub_power_house_84_F0_B4,947
sub_power_house_84_F0_B5,948
sub_power_house_84_F1_B0,949
sub_power_house_84_F1_B1,950
sub_power_house_84_F1_B2,951
sub_power_house_84_F1_B3,952
sub_power_house_84_F1_B4,953
sub_power_house_84_F1_B5,954
sub_power_house_84_F2_B0,955
sub_power_house_84_F2_B1,956
sub_power_house_84_F2_B2,957
sub_power_house_84_F2_B3,958
sub_power_house_84_F2_B4,959
sub_power_house_84_F2_B5,960
sub_power_house_84_F3_B0,961
sub_power_house_84_F3_B1,962
sub_power_house_84_F3_B2,963
v1_07corella_F0_B0,964
v1_07corella_F0_B1,965
v1_07corella_F0_B2,966
v1_07corella_F0_B3,967
v1_07corella_F0_B4,968
v1_07corella_F0_B5,969
v1_07corella_F1_B0,970
v1_07corella_F1_B1,971
v1_07corella_F1_B2,972
v1_07corella_F1_B3,973
v1_07corella_F1_B4,974
v1_07corella_F1_B5,975
v1_07corella_F2_B0,976
v1_07corella_F2_B1,977
v1_07corella_F2_B2,978
v1_07corella_F2_B3,979
v1_07corella_F2_B4,980
v1_07corella_F2_B5,981
v1_07corella_F3_B0,982
v1_07corella_F3_B1,983
v1_07corella_F3_B2,984
v1_07corella_F3_B3,985
v1_07corella_F3_B4,986
v1_07corella_F3_B5,987
v1_07tapal_F0_B0,988
v1_07tapal_F0_B1,989
v1_07tapal_F0_B2,990
v1_07tapal_F0_B3,991
v1_07tapal_F0_B4,992
v1_07tapal_F0_B5,993
v1_07tapal_F1_B0,994
v1_07tapal_F1_B1,995
v1_07tapal_F1_B2,996
v1_07tapal_F1_B3,997
v1_07tapal_F1_B4,998
v1_07tapal_F1_B5,999
v1_07tapal_F2_B0,1000
v1_07tapal_F2_B1,1001
v1_07tapal_F2_B2,1002
v1_07tapal_F2_B3,1003
v1_07tapal_F2_B4,1004
v1_07tapal_F2_B5,1005
v1_07tapal_F3_B0,1006
v1_07tapal_F3_B1,1007
v1_07tapal_F3_B2,1008
v1_07tapal_F3_B3,1009
v1_07tapal_F3_B4,1010
v1_07tapal_F3_B5,1011
v1_08panitan_F0_B0,1012
v1_08panitan_F0_B1,1013
v1_08panitan_F0_B2,1014
v1_08panitan_F0_B3,1015
v1_08panitan_F0_B4,1016
v1_08panitan_F0_B5,1017
v1_08panitan_F1_B0,1018
v1_08panitan_F1_B1,1019
v1_08panitan_F1_B2,1020
v1_08panitan_F1_B3,1021
v1_08panitan_F1_B4,1022
v1_08panitan_F1_B5,1023
v1_08panitan_F2_B0,1024
v1_08panitan_F2_B1,1025
v1_08panitan_F2_B2,1026
v1_08panitan_F2_B3,1027
v1_08panitan_F2_B4,1028
v1_08panitan_F2_B5,1029
v1_08panitan_F3_B0,1030
v1_08panitan_F3_B1,1031
v1_08panitan_F3_B2,1032
v1_08panitan_F3_B3,1033
v1_08panitan_F3_B4,1034
v1_08panitan_F3_B5,1035
sub_cebu_city_substation_14_F0_B0,1036
sub_cebu_city_substation_14_F0_B1,1037
sub_cebu_city_substation_14_F0_B2,1038
sub_cebu_city_substation_14_F0_B3,1039
sub_cebu_city_substation_14_F0_B4,1040
sub_cebu_city_substation_14_F0_B5,1041
sub_cebu_city_substation_14_F1_B0,1042
sub_cebu_city_substation_14_F1_B1,1043
sub_cebu_city_substation_14_F1_B2,1044
sub_cebu_city_substation_14_F1_B3,1045
sub_cebu_city_substation_14_F1_B4,1046
sub_cebu_city_substation_14_F1_B5,1047
sub_cebu_city_substation_14_F2_B0,1048
sub_cebu_city_substation_14_F2_B1,1049
sub_cebu_city_substation_14_F2_B2,1050
sub_cebu_city_substation_14_F2_B3,1051
sub_cebu_city_substation_14_F2_B4,1052
sub_cebu_city_substation_14_F2_B5,1053
sub_cebu_city_substation_14_F3_B0,1054
sub_cebu_city_substation_14_F3_B1,1055
sub_cebu_city_substation_14_F3_B2,1056
sub_cebu_city_substation_14_F3_B3,1057
sub_cebu_city_substation_14_F3_B4,1058
sub_cebu_city_substation_14_F3_B5,1059
sub_compostela_substation_15_F0_B0,1060
sub_compostela_substation_15_F0_B1,1061
sub_compostela_substation_15_F0_B2,1062
sub_compostela_substation_15_F0_B3,1063
sub_compostela_substation_15_F0_B4,1064
sub_compostela_substation_15_F0_B5,1065
sub_compostela_substation_15_F1_B0,1066
sub_compostela_substation_15_F1_B1,1067
sub_compostela_substation_15_F1_B2,1068
sub_compostela_substation_15_F1_B3,1069
sub_compostela_substation_15_F1_B4,1070
sub_compostela_substation_15_F1_B5,1071
sub_compostela_substation_15_F2_B0,1072
sub_compostela_substation_15_F2_B1,1073
sub_compostela_substation_15_F2_B2,1074
sub_compostela_substation_15_F2_B3,1075
sub_compostela_substation_15_F2_B4,1076
sub_compostela_substation_15_F2_B5,1077
sub_compostela_substation_15_F3_B0,1078
sub_colon_substation_67_F0_B0,1079
sub_colon_substation_67_F0_B1,1080
sub_colon_substation_67_F0_B2,1081
sub_colon_substation_67_F0_B3,1082
sub_colon_substation_67_F0_B4,1083
sub_colon_substation_67_F0_B5,1084
sub_colon_substation_67_F1_B0,1085
sub_colon_substation_67_F1_B1,1086
sub_colon_substation_67_F1_B2,1087
sub_colon_substation_67_F1_B3,1088
sub_colon_substation_67_F1_B4,1089
sub_colon_substation_67_F1_B5,1090
sub_colon_substation_67_F2_B0,1091
sub_colon_substation_67_F2_B1,1092
sub_colon_substation_67_F2_B2,1093
sub_colon_substation_67_F2_B3,1094
sub_colon_substation_67_F2_B4,1095
sub_colon_substation_67_F2_B5,1096
sub_colon_substation_67_F3_B0,1097
sub_colon_substation_67_F3_B1,1098
sub_colon_substation_67_F3_B2,1099
sub_colon_substation_67_F3_B3,1100
sub_colon_substation_67_F3_B4,1101
sub_colon_substation_67_F3_B5,1102
sub_daanbantayan_cable_terminal_27_F1_B0,1103
sub_daanbantayan_cable_terminal_27_F1_B1,1104
sub_daanbantayan_cable_terminal_27_F1_B2,1105
sub_daanbantayan_cable_terminal_27_F1_B3,1106
sub_daanbantayan_cable_terminal_27_F2_B0,1107
sub_daanbantayan_cable_terminal_27_F2_B1,1108
sub_daanbantayan_cable_terminal_27_F2_B2,1109
sub_daanbantayan_cable_terminal_27_F2_B3,1110
sub_daanbantayan_cable_terminal_27_F2_B4,1111
sub_daanbantayan_cable_terminal_27_F2_B5,1112
sub_daanbantayan_cable_terminal_27_F3_B0,1113
sub_daanbantayan_cable_terminal_27_F3_B1,1114
sub_daanbantayan_cable_terminal_27_F3_B2,1115
sub_daanbantayan_cable_terminal_27_F3_B3,1116
sub_daanbantayan_cable_terminal_27_F3_B4,1117
sub_daanbantayan_cable_terminal_27_F3_B5,1118
sub_samboan_substation_101_F0_B0,1119
sub_samboan_substation_101_F0_B1,1120
sub_samboan_substation_101_F0_B2,1121
sub_samboan_substation_101_F0_B3,1122
sub_samboan_substation_101_F0_B4,1123
sub_samboan_substation_101_F0_B5,1124
sub_samboan_substation_101_F1_B0,1125
sub_samboan_substation_101_F1_B1,1126
sub_samboan_substation_101_F1_B2,1127
sub_samboan_substation_101_F1_B3,1128
sub_samboan_substation_101_F1_B4,1129
sub_samboan_substation_101_F1_B5,1130
sub_samboan_substation_101_F3_B0,1131
sub_samboan_substation_101_F3_B1,1132
sub_samboan_substation_101_F3_B2,1133
sub_samboan_substation_101_F3_B3,1134
sub_samboan_substation_101_F3_B4,1135
sub_samboan_substation_101_F3_B5,1136
sub_osm_83_F0_B0,1137
sub_osm_83_F0_B1,1138
sub_osm_83_F0_B2,1139
sub_osm_83_F0_B3,1140
sub_osm_83_F0_B4,1141
sub_osm_83_F0_B5,1142
sub_osm_83_F2_B0,1143
sub_osm_83_F2_B1,1144
sub_osm_83_F2_B2,1145
sub_osm_83_F2_B3,1146
sub_osm_83_F2_B4,1147
sub_osm_83_F2_B5,1148
sub_osm_83_F3_B0,1149
sub_osm_83_F3_B1,1150
sub_osm_83_F3_B2,1151
sub_osm_83_F3_B3,1152
sub_osm_83_F3_B4,1153
sub_osm_83_F3_B5,1154
sub_magdugo_substation_72_F0_B0,1155
sub_magdugo_substation_72_F0_B1,1156
sub_magdugo_substation_72_F0_B2,1157
sub_magdugo_substation_72_F0_B3,1158
sub_magdugo_substation_72_F0_B4,1159
sub_magdugo_substation_72_F0_B5,1160
sub_magdugo_substation_72_F1_B0,1161
sub_magdugo_substation_72_F1_B1,1162
sub_magdugo_substation_72_F1_B2,1163
sub_magdugo_substation_72_F1_B3,1164
sub_magdugo_substation_72_F1_B4,1165
sub_magdugo_substation_72_F1_B5,1166
sub_magdugo_substation_72_F2_B0,1167
sub_magdugo_substation_72_F2_B1,1168
sub_magdugo_substation_72_F2_B2,1169
sub_magdugo_substation_72_F2_B3,1170
sub_magdugo_substation_72_F2_B4,1171
sub_magdugo_substation_72_F2_B5,1172
sub_magdugo_substation_72_F3_B0,1173
sub_magdugo_substation_72_F3_B1,1174
sub_magdugo_substation_72_F3_B2,1175
sub_magdugo_substation_72_F3_B3,1176
sub_magdugo_substation_72_F3_B4,1177
sub_magdugo_substation_72_F3_B5,1178
sub_quiot_substation_40_F0_B0,1179
sub_quiot_substation_40_F0_B1,1180
sub_quiot_substation_40_F0_B2,1181
sub_quiot_substation_40_F0_B3,1182
sub_quiot_substation_40_F0_B4,1183
sub_quiot_substation_40_F0_B5,1184
sub_quiot_substation_40_F1_B0,1185
sub_quiot_substation_40_F1_B1,1186
sub_quiot_substation_40_F1_B2,1187
sub_quiot_substation_40_F1_B3,1188
sub_quiot_substation_40_F1_B4,1189
sub_quiot_substation_40_F1_B5,1190
sub_quiot_substation_40_F2_B0,1191
sub_quiot_substation_40_F2_B1,1192
sub_quiot_substation_40_F2_B2,1193
sub_quiot_substation_40_F2_B3,1194
sub_quiot_substation_40_F2_B4,1195
sub_quiot_substation_40_F2_B5,1196
sub_quiot_substation_40_F3_B0,1197
sub_quiot_substation_40_F3_B1,1198
sub_quiot_substation_40_F3_B2,1199
sub_quiot_substation_40_F3_B3,1200
sub_quiot_substation_40_F3_B4,1201
sub_quiot_substation_40_F3_B5,1202
sub_mandugo_substation_62_F0_B0,1203
sub_mandugo_substation_62_F0_B1,1204
sub_mandugo_substation_62_F0_B2,1205
sub_mandugo_substation_62_F0_B3,1206
sub_mandugo_substation_62_F0_B4,1207
sub_mandugo_substation_62_F0_B5,1208
sub_mandugo_substation_62_F2_B0,1209
sub_mandugo_substation_62_F2_B1,1210
sub_mandugo_substation_62_F2_B2,1211
sub_mandugo_substation_62_F2_B3,1212
sub_mandugo_substation_62_F2_B4,1213
sub_mandugo_substation_62_F2_B5,1214
sub_mandugo_substation_62_F3_B0,1215
sub_mandugo_substation_62_F3_B1,1216
sub_mandugo_substation_62_F3_B2,1217
sub_mandugo_substation_62_F3_B3,1218
sub_mandugo_substation_62_F3_B4,1219
sub_mandugo_substation_62_F3_B5,1220
sub_mandaue_gas_insulated_substation_64_F0_B0,1221
sub_mandaue_gas_insulated_substation_64_F0_B1,1222
sub_mandaue_gas_insulated_substation_64_F0_B2,1223
sub_mandaue_gas_insulated_substation_64_F0_B3,1224
sub_mandaue_gas_insulated_substation_64_F0_B4,1225
sub_mandaue_gas_insulated_substation_64_F0_B5,1226
sub_mandaue_gas_insulated_substation_64_F1_B0,1227
sub_mandaue_gas_insulated_substation_64_F1_B1,1228
sub_mandaue_gas_insulated_substation_64_F1_B2,1229
sub_mandaue_gas_insulated_substation_64_F1_B3,1230
sub_mandaue_gas_insulated_substation_64_F1_B4,1231
sub_mandaue_gas_insulated_substation_64_F1_B5,1232
sub_mandaue_gas_insulated_substation_64_F2_B0,1233
sub_mandaue_gas_insulated_substation_64_F2_B1,1234
sub_mandaue_gas_insulated_substation_64_F2_B2,1235
sub_mandaue_gas_insulated_substation_64_F2_B3,1236
sub_mandaue_gas_insulated_substation_64_F2_B4,1237
sub_mandaue_gas_insulated_substation_64_F2_B5,1238
sub_mandaue_gas_insulated_substation_64_F3_B0,1239
sub_mandaue_gas_insulated_substation_64_F3_B1,1240
sub_mandaue_gas_insulated_substation_64_F3_B2,1241
sub_mandaue_gas_insulated_substation_64_F3_B3,1242
sub_mandaue_gas_insulated_substation_64_F3_B4,1243
sub_mandaue_gas_insulated_substation_64_F3_B5,1244
sub_lapu_lapu_gas_insulated_substation_63_F0_B0,1245
sub_lapu_lapu_gas_insulated_substation_63_F0_B1,1246
sub_lapu_lapu_gas_insulated_substation_63_F0_B2,1247
sub_lapu_lapu_gas_insulated_substation_63_F0_B3,1248
sub_lapu_lapu_gas_insulated_substation_63_F0_B4,1249
sub_lapu_lapu_gas_insulated_substation_63_F0_B5,1250
sub_lapu_lapu_gas_insulated_substation_63_F1_B0,1251
sub_lapu_lapu_gas_insulated_substation_63_F1_B1,1252
sub_lapu_lapu_gas_insulated_substation_63_F1_B2,1253
sub_lapu_lapu_gas_insulated_substation_63_F1_B3,1254
sub_lapu_lapu_gas_insulated_substation_63_F1_B4,1255
sub_lapu_lapu_gas_insulated_substation_63_F1_B5,1256
sub_lapu_lapu_gas_insulated_substation_63_F2_B0,1257
sub_lapu_lapu_gas_insulated_substation_63_F2_B1,1258
sub_lapu_lapu_gas_insulated_substation_63_F2_B2,1259
sub_lapu_lapu_gas_insulated_substation_63_F2_B3,1260
sub_lapu_lapu_gas_insulated_substation_63_F2_B4,1261
sub_lapu_lapu_gas_insulated_substation_63_F2_B5,1262
sub_lapu_lapu_gas_insulated_substation_63_F3_B0,1263
sub_lapu_lapu_gas_insulated_substation_63_F3_B1,1264
sub_lapu_lapu_gas_insulated_substation_63_F3_B2,1265
sub_lapu_lapu_gas_insulated_substation_63_F3_B3,1266
sub_lapu_lapu_gas_insulated_substation_63_F3_B4,1267
sub_lapu_lapu_gas_insulated_substation_63_F3_B5,1268
sub_toledo_substation_69_F0_B0,1269
sub_toledo_substation_69_F0_B1,1270
sub_toledo_substation_69_F0_B2,1271
sub_toledo_substation_69_F0_B3,1272
sub_toledo_substation_69_F0_B4,1273
sub_toledo_substation_69_F0_B5,1274
sub_toledo_substation_69_F1_B0,1275
sub_toledo_substation_69_F1_B1,1276
sub_toledo_substation_69_F1_B2,1277
sub_toledo_substation_69_F1_B3,1278
sub_toledo_substation_69_F1_B4,1279
sub_toledo_substation_69_F1_B5,1280
sub_toledo_substation_69_F2_B0,1281
sub_toledo_substation_69_F2_B1,1282
sub_toledo_substation_69_F2_B2,1283
sub_toledo_substation_69_F2_B3,1284
sub_toledo_substation_69_F2_B4,1285
sub_toledo_substation_69_F2_B5,1286
sub_toledo_substation_69_F3_B0,1287
sub_toledo_substation_69_F3_B1,1288
sub_toledo_substation_69_F3_B2,1289
sub_toledo_substation_69_F3_B3,1290
sub_toledo_substation_69_F3_B4,1291
sub_toledo_substation_69_F3_B5,1292
sub_santander_cable_terminal_82_F0_B0,1293
sub_santander_cable_terminal_82_F0_B1,1294
sub_santander_cable_terminal_82_F0_B2,1295
sub_santander_cable_terminal_82_F0_B3,1296
sub_santander_cable_terminal_82_F0_B4,1297
sub_santander_cable_terminal_82_F0_B5,1298
sub_santander_cable_terminal_82_F1_B0,1299
sub_santander_cable_terminal_82_F1_B1,1300
sub_santander_cable_terminal_82_F1_B2,1301
sub_santander_cable_terminal_82_F1_B3,1302
sub_santander_cable_terminal_82_F1_B4,1303
sub_santander_cable_terminal_82_F1_B5,1304
sub_dumanjug_converter_station_100_F0_B0,1305
sub_dumanjug_converter_station_100_F0_B1,1306
sub_dumanjug_converter_station_100_F0_B2,1307
sub_dumanjug_converter_station_100_F0_B3,1308
sub_dumanjug_converter_station_100_F0_B4,1309
sub_dumanjug_converter_station_100_F0_B5,1310
sub_dumanjug_converter_station_100_F1_B0,1311
sub_dumanjug_converter_station_100_F1_B1,1312
sub_dumanjug_converter_station_100_F1_B2,1313
sub_dumanjug_converter_station_100_F2_B0,1314
sub_dumanjug_converter_station_100_F2_B1,1315
sub_dumanjug_converter_station_100_F2_B2,1316
sub_dumanjug_converter_station_100_F2_B3,1317
sub_dumanjug_converter_station_100_F2_B4,1318
sub_dumanjug_converter_station_100_F2_B5,1319
sub_dumanjug_converter_station_100_F3_B0,1320
sub_dumanjug_converter_station_100_F3_B1,1321
sub_dumanjug_converter_station_100_F3_B2,1322
sub_dumanjug_converter_station_100_F3_B3,1323
sub_dumanjug_converter_station_100_F3_B4,1324
sub_dumanjug_converter_station_100_F3_B5,1325
sub_argao_cable_terminal_117_F0_B0,1326
sub_argao_cable_terminal_117_F0_B1,1327
sub_argao_cable_terminal_117_F0_B2,1328
sub_argao_cable_terminal_117_F0_B3,1329
sub_argao_cable_terminal_117_F0_B4,1330
sub_argao_cable_terminal_117_F0_B5,1331
sub_argao_cable_terminal_117_F1_B0,1332
sub_argao_cable_terminal_117_F1_B1,1333
sub_argao_cable_terminal_117_F1_B2,1334
sub_argao_cable_terminal_117_F1_B3,1335
sub_argao_cable_terminal_117_F1_B4,1336
sub_argao_cable_terminal_117_F1_B5,1337
sub_argao_cable_terminal_117_F2_B0,1338
sub_argao_cable_terminal_117_F2_B1,1339
sub_argao_cable_terminal_117_F2_B2,1340
sub_argao_cable_terminal_117_F2_B3,1341
sub_argao_cable_terminal_117_F2_B4,1342
sub_argao_cable_terminal_117_F2_B5,1343
sub_colon_substation_86_F0_B0,1344
sub_colon_substation_86_F0_B1,1345
sub_colon_substation_86_F0_B2,1346
sub_colon_substation_86_F0_B3,1347
sub_colon_substation_86_F0_B4,1348
sub_colon_substation_86_F0_B5,1349
sub_colon_substation_86_F1_B0,1350
sub_colon_substation_86_F1_B1,1351
sub_colon_substation_86_F1_B2,1352
sub_colon_substation_86_F1_B3,1353
sub_colon_substation_86_F1_B4,1354
sub_colon_substation_86_F1_B5,1355
sub_colon_substation_86_F2_B0,1356
sub_colon_substation_86_F2_B1,1357
sub_colon_substation_86_F2_B2,1358
sub_colon_substation_86_F2_B3,1359
sub_colon_substation_86_F2_B4,1360
sub_colon_substation_86_F2_B5,1361
sub_colon_substation_86_F3_B0,1362
sub_colon_substation_86_F3_B1,1363
sub_colon_substation_86_F3_B2,1364
sub_colon_substation_86_F3_B3,1365
sub_colon_substation_86_F3_B4,1366
sub_colon_substation_86_F3_B5,1367
sub_mabolo_substation_74_F0_B0,1368
sub_mabolo_substation_74_F0_B1,1369
sub_mabolo_substation_74_F0_B2,1370
sub_mabolo_substation_74_F0_B3,1371
sub_mabolo_substation_74_F0_B4,1372
sub_mabolo_substation_74_F0_B5,1373
sub_mabolo_substation_74_F1_B0,1374
sub_mabolo_substation_74_F1_B1,1375
sub_mabolo_substation_74_F1_B2,1376
sub_mabolo_substation_74_F1_B3,1377
sub_mabolo_substation_74_F1_B4,1378
sub_mabolo_substation_74_F1_B5,1379
sub_mabolo_substation_74_F2_B0,1380
sub_mabolo_substation_74_F2_B1,1381
sub_mabolo_substation_74_F2_B2,1382
sub_mabolo_substation_74_F2_B3,1383
sub_mabolo_substation_74_F2_B4,1384
sub_mabolo_substation_74_F2_B5,1385
sub_mabolo_substation_74_F3_B0,1386
sub_mabolo_substation_74_F3_B1,1387
sub_mabolo_substation_74_F3_B2,1388
sub_mabolo_substation_74_F3_B3,1389
sub_mabolo_substation_74_F3_B4,1390
sub_mabolo_substation_74_F3_B5,1391
sub_carreta_substation_70_F0_B0,1392
sub_carreta_substation_70_F0_B1,1393
sub_carreta_substation_70_F0_B2,1394
sub_carreta_substation_70_F0_B3,1395
sub_carreta_substation_70_F0_B4,1396
sub_carreta_substation_70_F0_B5,1397
sub_carreta_substation_70_F1_B0,1398
sub_carreta_substation_70_F1_B1,1399
sub_carreta_substation_70_F1_B2,1400
sub_carreta_substation_70_F1_B3,1401
sub_carreta_substation_70_F1_B4,1402
sub_carreta_substation_70_F1_B5,1403
sub_carreta_substation_70_F2_B0,1404
sub_carreta_substation_70_F2_B1,1405
sub_carreta_substation_70_F2_B2,1406
sub_carreta_substation_70_F2_B3,1407
sub_carreta_substation_70_F2_B4,1408
sub_carreta_substation_70_F2_B5,1409
sub_carreta_substation_70_F3_B0,1410
sub_carreta_substation_70_F3_B1,1411
sub_carreta_substation_70_F3_B2,1412
sub_carreta_substation_70_F3_B3,1413
sub_carreta_substation_70_F3_B4,1414
sub_carreta_substation_70_F3_B5,1415
sub_guadalupe_substation_92_F0_B0,1416
sub_guadalupe_substation_92_F0_B1,1417
sub_guadalupe_substation_92_F0_B2,1418
sub_guadalupe_substation_92_F0_B3,1419
sub_guadalupe_substation_92_F0_B4,1420
sub_guadalupe_substation_92_F0_B5,1421
sub_guadalupe_substation_92_F1_B0,1422
sub_guadalupe_substation_92_F1_B1,1423
sub_guadalupe_substation_92_F1_B2,1424
sub_guadalupe_substation_92_F1_B3,1425
sub_guadalupe_substation_92_F1_B4,1426
sub_guadalupe_substation_92_F1_B5,1427
sub_guadalupe_substation_92_F2_B0,1428
sub_guadalupe_substation_92_F2_B1,1429
sub_guadalupe_substation_92_F2_B2,1430
sub_guadalupe_substation_92_F2_B3,1431
sub_guadalupe_substation_92_F2_B4,1432
sub_guadalupe_substation_92_F2_B5,1433
sub_guadalupe_substation_92_F3_B0,1434
sub_guadalupe_substation_92_F3_B1,1435
sub_guadalupe_substation_92_F3_B2,1436
sub_guadalupe_substation_92_F3_B3,1437
sub_guadalupe_substation_92_F3_B4,1438
sub_guadalupe_substation_92_F3_B5,1439
sub_camputhaw_substation_32_F0_B0,1440
sub_camputhaw_substation_32_F0_B1,1441
sub_camputhaw_substation_32_F0_B2,1442
sub_camputhaw_substation_32_F0_B3,1443
sub_camputhaw_substation_32_F0_B4,1444
sub_camputhaw_substation_32_F0_B5,1445
sub_camputhaw_substation_32_F1_B0,1446
sub_camputhaw_substation_32_F1_B1,1447
sub_camputhaw_substation_32_F1_B2,1448
sub_camputhaw_substation_32_F1_B3,1449
sub_camputhaw_substation_32_F1_B4,1450
sub_camputhaw_substation_32_F1_B5,1451
sub_camputhaw_substation_32_F2_B0,1452
sub_camputhaw_substation_32_F2_B1,1453
sub_camputhaw_substation_32_F2_B2,1454
sub_camputhaw_substation_32_F2_B3,1455
sub_camputhaw_substation_32_F2_B4,1456
sub_camputhaw_substation_32_F2_B5,1457
sub_camputhaw_substation_32_F3_B0,1458
sub_camputhaw_substation_32_F3_B1,1459
sub_camputhaw_substation_32_F3_B2,1460
sub_camputhaw_substation_32_F3_B3,1461
sub_camputhaw_substation_32_F3_B4,1462
sub_camputhaw_substation_32_F3_B5,1463
sub_cbp_substation_91_F0_B0,1464
sub_cbp_substation_91_F0_B1,1465
sub_cbp_substation_91_F0_B2,1466
sub_cbp_substation_91_F0_B3,1467
sub_cbp_substation_91_F0_B4,1468
sub_cbp_substation_91_F0_B5,1469
sub_cbp_substation_91_F1_B0,1470
sub_cbp_substation_91_F1_B1,1471
sub_cbp_substation_91_F1_B2,1472
sub_cbp_substation_91_F1_B3,1473
sub_cbp_substation_91_F1_B4,1474
sub_cbp_substation_91_F1_B5,1475
sub_cbp_substation_91_F2_B0,1476
sub_cbp_substation_91_F2_B1,1477
sub_cbp_substation_91_F2_B2,1478
sub_cbp_substation_91_F2_B3,1479
sub_cbp_substation_91_F2_B4,1480
sub_cbp_substation_91_F2_B5,1481
sub_cbp_substation_91_F3_B0,1482
sub_cbp_substation_91_F3_B1,1483
sub_cbp_substation_91_F3_B2,1484
sub_cbp_substation_91_F3_B3,1485
sub_cbp_substation_91_F3_B4,1486
sub_cbp_substation_91_F3_B5,1487
sub_bulacao_substation_93_F0_B0,1488
sub_bulacao_substation_93_F0_B1,1489
sub_bulacao_substation_93_F0_B2,1490
sub_bulacao_substation_93_F0_B3,1491
sub_bulacao_substation_93_F0_B4,1492
sub_bulacao_substation_93_F0_B5,1493
sub_bulacao_substation_93_F1_B0,1494
sub_bulacao_substation_93_F1_B1,1495
sub_bulacao_substation_93_F1_B2,1496
sub_bulacao_substation_93_F1_B3,1497
sub_bulacao_substation_93_F1_B4,1498
sub_bulacao_substation_93_F1_B5,1499
sub_bulacao_substation_93_F2_B0,1500
sub_bulacao_substation_93_F2_B1,1501
sub_bulacao_substation_93_F2_B2,1502
sub_bulacao_substation_93_F2_B3,1503
sub_bulacao_substation_93_F2_B4,1504
sub_bulacao_substation_93_F2_B5,1505
sub_bulacao_substation_93_F3_B0,1506
sub_bulacao_substation_93_F3_B1,1507
sub_bulacao_substation_93_F3_B2,1508
sub_bulacao_substation_93_F3_B3,1509
sub_bulacao_substation_93_F3_B4,1510
sub_cebeco_iii_8_F0_B0,1511
sub_cebeco_iii_8_F0_B1,1512
sub_cebeco_iii_8_F0_B2,1513
sub_cebeco_iii_8_F0_B3,1514
sub_cebeco_iii_8_F0_B4,1515
sub_cebeco_iii_8_F0_B5,1516
sub_cebeco_iii_8_F1_B0,1517
sub_cebeco_iii_8_F1_B1,1518
sub_cebeco_iii_8_F1_B2,1519
sub_cebeco_iii_8_F1_B3,1520
sub_cebeco_iii_8_F1_B4,1521
sub_cebeco_iii_8_F1_B5,1522
sub_cebeco_iii_8_F2_B0,1523
sub_cebeco_iii_8_F2_B1,1524
sub_cebeco_iii_8_F2_B2,1525
sub_cebeco_iii_8_F2_B3,1526
sub_cebeco_iii_8_F2_B4,1527
sub_cebeco_iii_8_F2_B5,1528
sub_cebeco_iii_8_F3_B0,1529
sub_cebeco_iii_8_F3_B1,1530
sub_cebeco_iii_8_F3_B2,1531
sub_cebeco_iii_8_F3_B3,1532
sub_cebeco_iii_8_F3_B4,1533
sub_cebeco_iii_8_F3_B5,1534
sub_ginatilan_substation_102_F0_B0,1535
sub_ginatilan_substation_102_F0_B1,1536
sub_ginatilan_substation_102_F0_B2,1537
sub_ginatilan_substation_102_F0_B3,1538
sub_ginatilan_substation_102_F0_B4,1539
sub_ginatilan_substation_102_F0_B5,1540
sub_ginatilan_substation_102_F2_B0,1541
sub_ginatilan_substation_102_F2_B1,1542
sub_ginatilan_substation_102_F2_B2,1543
sub_ginatilan_substation_102_F2_B3,1544
sub_ginatilan_substation_102_F2_B4,1545
sub_ginatilan_substation_102_F2_B5,1546
sub_ginatilan_substation_102_F3_B0,1547
sub_ginatilan_substation_102_F3_B1,1548
sub_ginatilan_substation_102_F3_B2,1549
sub_ginatilan_substation_102_F3_B3,1550
sub_ginatilan_substation_102_F3_B4,1551
sub_ginatilan_substation_102_F3_B5,1552
sub_talvera_cable_terminal_10_F0_B0,1553
sub_talvera_cable_terminal_10_F0_B1,1554
sub_talvera_cable_terminal_10_F0_B2,1555
sub_talvera_cable_terminal_10_F0_B3,1556
sub_talvera_cable_terminal_10_F0_B4,1557
sub_talvera_cable_terminal_10_F0_B5,1558
sub_talvera_cable_terminal_10_F2_B0,1559
sub_talvera_cable_terminal_10_F2_B1,1560
sub_talvera_cable_terminal_10_F2_B2,1561
sub_talvera_cable_terminal_10_F2_B3,1562
sub_talvera_cable_terminal_10_F2_B4,1563
sub_talvera_cable_terminal_10_F2_B5,1564
sub_talvera_cable_terminal_10_F3_B0,1565
sub_talvera_cable_terminal_10_F3_B1,1566
sub_talvera_cable_terminal_10_F3_B2,1567
sub_talvera_cable_terminal_10_F3_B3,1568
sub_talvera_cable_terminal_10_F3_B4,1569
sub_talvera_cable_terminal_10_F3_B5,1570
sub_osm_2_F0_B0,1571
sub_osm_2_F0_B1,1572
sub_osm_2_F0_B2,1573
sub_osm_2_F0_B3,1574
sub_osm_2_F0_B4,1575
sub_osm_2_F0_B5,1576
sub_osm_2_F1_B0,1577
sub_osm_2_F1_B1,1578
sub_osm_2_F1_B2,1579
sub_osm_2_F1_B3,1580
sub_osm_2_F1_B4,1581
sub_osm_2_F1_B5,1582
sub_osm_2_F2_B0,1583
sub_osm_2_F2_B1,1584
sub_osm_2_F2_B2,1585
sub_osm_2_F2_B3,1586
sub_osm_2_F2_B4,1587
sub_osm_2_F2_B5,1588
sub_osm_2_F3_B0,1589
sub_osm_2_F3_B1,1590
sub_osm_2_F3_B2,1591
sub_osm_2_F3_B3,1592
sub_osm_2_F3_B4,1593
sub_osm_2_F3_B5,1594
sub_lugo_load_end_substation_6_F0_B0,1595
sub_lugo_load_end_substation_6_F0_B1,1596
sub_lugo_load_end_substation_6_F0_B2,1597
sub_lugo_load_end_substation_6_F0_B3,1598
sub_lugo_load_end_substation_6_F0_B4,1599
sub_lugo_load_end_substation_6_F0_B5,1600
sub_lugo_load_end_substation_6_F1_B0,1601
sub_lugo_load_end_substation_6_F1_B1,1602
sub_lugo_load_end_substation_6_F1_B2,1603
sub_lugo_load_end_substation_6_F1_B3,1604
sub_lugo_load_end_substation_6_F1_B4,1605
sub_lugo_load_end_substation_6_F1_B5,1606
sub_lugo_load_end_substation_6_F2_B0,1607
sub_lugo_load_end_substation_6_F2_B1,1608
sub_lugo_load_end_substation_6_F2_B2,1609
sub_lugo_load_end_substation_6_F2_B3,1610
sub_lugo_load_end_substation_6_F2_B4,1611
sub_lugo_load_end_substation_6_F2_B5,1612
sub_lugo_load_end_substation_6_F3_B0,1613
sub_lugo_load_end_substation_6_F3_B1,1614
sub_lugo_load_end_substation_6_F3_B2,1615
sub_lugo_load_end_substation_6_F3_B3,1616
sub_lugo_load_end_substation_6_F3_B4,1617
sub_lugo_load_end_substation_6_F3_B5,1618
sub_osm_11_F0_B0,1619
sub_osm_11_F0_B1,1620
sub_osm_11_F0_B2,1621
sub_osm_11_F0_B3,1622
sub_osm_11_F0_B4,1623
sub_osm_11_F0_B5,1624
sub_osm_11_F1_B0,1625
sub_osm_11_F1_B1,1626
sub_osm_11_F1_B2,1627
sub_osm_11_F1_B3,1628
sub_osm_11_F1_B4,1629
sub_osm_11_F1_B5,1630
sub_osm_11_F2_B0,1631
sub_osm_11_F2_B1,1632
sub_osm_11_F2_B2,1633
sub_osm_11_F2_B3,1634
sub_osm_11_F2_B4,1635
sub_osm_11_F2_B5,1636
sub_osm_11_F3_B0,1637
sub_osm_11_F3_B1,1638
sub_osm_11_F3_B2,1639
sub_osm_22_F0_B0,1640
sub_osm_22_F0_B1,1641
sub_osm_22_F0_B2,1642
sub_osm_22_F0_B3,1643
sub_osm_22_F0_B4,1644
sub_osm_22_F0_B5,1645
sub_osm_22_F1_B0,1646
sub_osm_22_F1_B1,1647
sub_osm_22_F1_B2,1648
sub_osm_22_F1_B3,1649
sub_osm_22_F1_B4,1650
sub_osm_22_F1_B5,1651
sub_osm_22_F2_B0,1652
sub_osm_22_F2_B1,1653
sub_osm_22_F2_B2,1654
sub_osm_22_F2_B3,1655
sub_osm_22_F2_B4,1656
sub_osm_22_F2_B5,1657
sub_osm_22_F3_B0,1658
sub_osm_22_F3_B1,1659
sub_osm_22_F3_B2,1660
sub_osm_22_F3_B3,1661
sub_osm_22_F3_B4,1662
sub_osm_22_F3_B5,1663
sub_medellin_load_end_substation_23_F0_B0,1664
sub_medellin_load_end_substation_23_F0_B1,1665
sub_medellin_load_end_substation_23_F0_B2,1666
sub_medellin_load_end_substation_23_F0_B3,1667
sub_medellin_load_end_substation_23_F0_B4,1668
sub_medellin_load_end_substation_23_F0_B5,1669
sub_medellin_load_end_substation_23_F1_B0,1670
sub_medellin_load_end_substation_23_F1_B1,1671
sub_medellin_load_end_substation_23_F1_B2,1672
sub_medellin_load_end_substation_23_F1_B3,1673
sub_medellin_load_end_substation_23_F1_B4,1674
sub_medellin_load_end_substation_23_F1_B5,1675
sub_medellin_load_end_substation_23_F2_B0,1676
sub_medellin_load_end_substation_23_F2_B1,1677
sub_medellin_load_end_substation_23_F2_B2,1678
sub_medellin_load_end_substation_23_F2_B3,1679
sub_medellin_load_end_substation_23_F2_B4,1680
sub_medellin_load_end_substation_23_F2_B5,1681
sub_medellin_load_end_substation_23_F3_B0,1682
sub_medellin_load_end_substation_23_F3_B1,1683
sub_medellin_load_end_substation_23_F3_B2,1684
sub_medellin_load_end_substation_23_F3_B3,1685
sub_medellin_load_end_substation_23_F3_B4,1686
sub_medellin_load_end_substation_23_F3_B5,1687
sub_osm_46_F0_B0,1688
sub_osm_46_F0_B1,1689
sub_osm_46_F0_B2,1690
sub_osm_46_F0_B3,1691
sub_osm_46_F1_B0,1692
sub_osm_46_F1_B1,1693
sub_osm_46_F1_B2,1694
sub_osm_46_F1_B3,1695
sub_osm_46_F1_B4,1696
sub_osm_46_F1_B5,1697
sub_osm_46_F2_B0,1698
sub_osm_46_F2_B1,1699
sub_osm_46_F2_B2,1700
sub_osm_46_F2_B3,1701
sub_osm_46_F2_B4,1702
sub_osm_46_F2_B5,1703
sub_osm_46_F3_B0,1704
sub_osm_46_F3_B1,1705
sub_ngcp_substation_49_F0_B0,1706
sub_ngcp_substation_49_F0_B1,1707
sub_ngcp_substation_49_F0_B2,1708
sub_ngcp_substation_49_F0_B3,1709
sub_ngcp_substation_49_F0_B4,1710
sub_ngcp_substation_49_F0_B5,1711
sub_ngcp_substation_49_F1_B0,1712
sub_ngcp_substation_49_F1_B1,1713
sub_ngcp_substation_49_F1_B2,1714
sub_ngcp_substation_49_F2_B0,1715
sub_ngcp_substation_49_F2_B1,1716
sub_ngcp_substation_49_F2_B2,1717
sub_ngcp_substation_49_F2_B3,1718
sub_ngcp_substation_49_F2_B4,1719
sub_ngcp_substation_49_F2_B5,1720
sub_ngcp_substation_49_F3_B0,1721
sub_ngcp_substation_49_F3_B1,1722
sub_ngcp_substation_49_F3_B2,1723
sub_ngcp_substation_49_F3_B3,1724
sub_ngcp_substation_49_F3_B4,1725
sub_ngcp_substation_49_F3_B5,1726
sub_carcar_substation_65_F0_B0,1727
sub_carcar_substation_65_F0_B1,1728
sub_carcar_substation_65_F0_B2,1729
sub_carcar_substation_65_F0_B3,1730
sub_carcar_substation_65_F0_B4,1731
sub_carcar_substation_65_F0_B5,1732
sub_carcar_substation_65_F1_B0,1733
sub_carcar_substation_65_F1_B1,1734
sub_carcar_substation_65_F1_B2,1735
sub_carcar_substation_65_F1_B3,1736
sub_carcar_substation_65_F1_B4,1737
sub_carcar_substation_65_F1_B5,1738
sub_carcar_substation_65_F2_B0,1739
sub_carcar_substation_65_F2_B1,1740
sub_carcar_substation_65_F2_B2,1741
sub_carcar_substation_65_F2_B3,1742
sub_carcar_substation_65_F2_B4,1743
sub_carcar_substation_65_F2_B5,1744
sub_carcar_substation_65_F3_B0,1745
sub_carcar_substation_65_F3_B1,1746
sub_carcar_substation_65_F3_B2,1747
sub_carcar_substation_65_F3_B3,1748
sub_carcar_substation_65_F3_B4,1749
sub_osm_77_F0_B0,1750
sub_osm_77_F0_B1,1751
sub_osm_77_F0_B2,1752
sub_osm_77_F0_B3,1753
sub_osm_77_F0_B4,1754
sub_osm_77_F0_B5,1755
sub_osm_77_F1_B0,1756
sub_osm_77_F1_B1,1757
sub_osm_77_F1_B2,1758
sub_osm_77_F1_B3,1759
sub_osm_77_F1_B4,1760
sub_osm_77_F1_B5,1761
sub_osm_77_F2_B0,1762
sub_osm_77_F2_B1,1763
sub_osm_77_F2_B2,1764
sub_osm_77_F2_B3,1765
sub_osm_77_F2_B4,1766
sub_osm_77_F2_B5,1767
sub_osm_77_F3_B0,1768
sub_osm_77_F3_B1,1769
sub_osm_77_F3_B2,1770
sub_osm_77_F3_B3,1771
sub_osm_77_F3_B4,1772
sub_osm_77_F3_B5,1773
sub_osm_87_F0_B0,1774
sub_osm_87_F0_B1,1775
sub_osm_87_F0_B2,1776
sub_osm_87_F0_B3,1777
sub_osm_87_F0_B4,1778
sub_osm_87_F0_B5,1779
sub_osm_87_F1_B0,1780
sub_osm_87_F1_B1,1781
sub_osm_87_F1_B2,1782
sub_osm_87_F1_B3,1783
sub_osm_87_F1_B4,1784
sub_osm_87_F1_B5,1785
sub_osm_87_F2_B0,1786
sub_osm_87_F2_B1,1787
sub_osm_87_F2_B2,1788
sub_osm_87_F2_B3,1789
sub_osm_87_F2_B4,1790
sub_osm_87_F2_B5,1791
sub_osm_87_F3_B0,1792
sub_osm_87_F3_B1,1793
sub_osm_87_F3_B2,1794
sub_osm_87_F3_B3,1795
sub_osm_87_F3_B4,1796
sub_osm_87_F3_B5,1797
sub_cebu_cable_terminal_88_F0_B0,1798
sub_cebu_cable_terminal_88_F0_B1,1799
sub_cebu_cable_terminal_88_F0_B2,1800
sub_cebu_cable_terminal_88_F0_B3,1801
sub_cebu_cable_terminal_88_F0_B4,1802
sub_cebu_cable_terminal_88_F0_B5,1803
sub_cebu_cable_terminal_88_F1_B0,1804
sub_cebu_cable_terminal_88_F1_B1,1805
sub_cebu_cable_terminal_88_F1_B2,1806
sub_cebu_cable_terminal_88_F1_B3,1807
sub_cebu_cable_terminal_88_F1_B4,1808
sub_cebu_cable_terminal_88_F1_B5,1809
sub_cebu_cable_terminal_88_F2_B0,1810
sub_cebu_cable_terminal_88_F2_B1,1811
sub_cebu_cable_terminal_88_F2_B2,1812
sub_cebu_cable_terminal_88_F2_B3,1813
sub_cebu_cable_terminal_88_F2_B4,1814
sub_cebu_cable_terminal_88_F2_B5,1815
sub_osm_110_F0_B0,1816
sub_osm_110_F0_B1,1817
sub_osm_110_F0_B2,1818
sub_osm_110_F0_B3,1819
sub_osm_110_F0_B4,1820
sub_osm_110_F0_B5,1821
sub_osm_110_F1_B0,1822
sub_osm_110_F1_B1,1823
sub_osm_110_F1_B2,1824
sub_osm_110_F1_B3,1825
sub_osm_110_F1_B4,1826
sub_osm_110_F1_B5,1827
sub_osm_110_F2_B0,1828
sub_osm_110_F2_B1,1829
sub_osm_110_F2_B2,1830
sub_osm_110_F2_B3,1831
sub_osm_110_F2_B4,1832
sub_osm_110_F2_B5,1833
sub_osm_110_F3_B0,1834
sub_pajo_load_end_substation_118_F0_B0,1835
sub_pajo_load_end_substation_118_F0_B1,1836
sub_pajo_load_end_substation_118_F0_B2,1837
sub_pajo_load_end_substation_118_F0_B3,1838
sub_pajo_load_end_substation_118_F0_B4,1839
sub_pajo_load_end_substation_118_F0_B5,1840
sub_pajo_load_end_substation_118_F1_B0,1841
sub_pajo_load_end_substation_118_F1_B1,1842
sub_pajo_load_end_substation_118_F1_B2,1843
sub_pajo_load_end_substation_118_F1_B3,1844
sub_pajo_load_end_substation_118_F1_B4,1845
sub_pajo_load_end_substation_118_F1_B5,1846
sub_pajo_load_end_substation_118_F2_B0,1847
sub_pajo_load_end_substation_118_F2_B1,1848
sub_pajo_load_end_substation_118_F2_B2,1849
sub_pajo_load_end_substation_118_F2_B3,1850
sub_pajo_load_end_substation_118_F2_B4,1851
sub_pajo_load_end_substation_118_F2_B5,1852
sub_pajo_load_end_substation_118_F3_B0,1853
sub_pajo_load_end_substation_118_F3_B1,1854
sub_pajo_load_end_substation_118_F3_B2,1855
sub_pajo_load_end_substation_118_F3_B3,1856
sub_pajo_load_end_substation_118_F3_B4,1857
sub_pajo_load_end_substation_118_F3_B5,1858
v1_05cebu_F0_B0,1859
v1_05cebu_F0_B1,1860
v1_05cebu_F0_B2,1861
v1_05cebu_F0_B3,1862
v1_05cebu_F0_B4,1863
v1_05cebu_F0_B5,1864
v1_05cebu_F1_B0,1865
v1_05cebu_F1_B1,1866
v1_05cebu_F1_B2,1867
v1_05cebu_F1_B3,1868
v1_05cebu_F1_B4,1869
v1_05cebu_F1_B5,1870
v1_05cebu_F2_B0,1871
v1_05cebu_F2_B1,1872
v1_05cebu_F2_B2,1873
v1_05cebu_F2_B3,1874
v1_05cebu_F2_B4,1875
v1_05cebu_F2_B5,1876
v1_05cebu_F3_B0,1877
v1_05cebu_F3_B1,1878
v1_05cebu_F3_B2,1879
v1_05cebu_F3_B3,1880
v1_05cebu_F3_B4,1881
v1_05cebu_F3_B5,1882
v1_05daanbntay_F0_B0,1883
v1_05daanbntay_F0_B1,1884
v1_05daanbntay_F0_B2,1885
v1_05daanbntay_F0_B3,1886
v1_05daanbntay_F0_B4,1887
v1_05daanbntay_F0_B5,1888
v1_05daanbntay_F1_B0,1889
v1_05daanbntay_F1_B1,1890
v1_05daanbntay_F1_B2,1891
v1_05daanbntay_F1_B3,1892
v1_05daanbntay_F1_B4,1893
v1_05daanbntay_F1_B5,1894
v1_05daanbntay_F2_B0,1895
v1_05daanbntay_F2_B1,1896
v1_05daanbntay_F2_B2,1897
v1_05daanbntay_F2_B3,1898
v1_05daanbntay_F2_B4,1899
v1_05daanbntay_F2_B5,1900
v1_05daanbntay_F3_B0,1901
v1_05daanbntay_F3_B1,1902
v1_05daanbntay_F3_B2,1903
v1_05daanbntay_F3_B3,1904
v1_05daanbntay_F3_B4,1905
v1_05daanbntay_F3_B5,1906
v1_05naga_F0_B0,1907
v1_05naga_F0_B1,1908
v1_05naga_F0_B2,1909
v1_05naga_F0_B3,1910
v1_05naga_F0_B4,1911
v1_05naga_F0_B5,1912
v1_05naga_F1_B0,1913
v1_05naga_F1_B1,1914
v1_05naga_F1_B2,1915
v1_05naga_F1_B3,1916
v1_05naga_F1_B4,1917
v1_05naga_F1_B5,1918
v1_05naga_F2_B0,1919
v1_05naga_F2_B1,1920
v1_05naga_F2_B2,1921
v1_05naga_F2_B3,1922
v1_05naga_F2_B4,1923
v1_05naga_F2_B5,1924
v1_05naga_F3_B0,1925
v1_05naga_F3_B1,1926
v1_05naga_F3_B2,1927
v1_05naga_F3_B3,1928
v1_05naga_F3_B4,1929
v1_05naga_F3_B5,1930
v1_05therma_F0_B0,1931
v1_05therma_F0_B1,1932
v1_05therma_F0_B2,1933
v1_05therma_F0_B3,1934
v1_05therma_F0_B4,1935
v1_05therma_F0_B5,1936
v1_05therma_F1_B0,1937
v1_05therma_F1_B1,1938
v1_05therma_F1_B2,1939
v1_05therma_F1_B3,1940
v1_05therma_F1_B4,1941
v1_05therma_F1_B5,1942
v1_05therma_F2_B0,1943
v1_05therma_F2_B1,1944
v1_05therma_F2_B2,1945
v1_05therma_F2_B3,1946
v1_05therma_F2_B4,1947
v1_05therma_F2_B5,1948
v1_05therma_F3_B0,1949
v1_05therma_F3_B1,1950
v1_05therma_F3_B2,1951
v1_05therma_F3_B3,1952
v1_05therma_F3_B4,1953
v1_05therma_F3_B5,1954
v1_08bvista_F0_B0,1955
v1_08bvista_F0_B1,1956
v1_08bvista_F0_B2,1957
v1_08bvista_F0_B3,1958
v1_08bvista_F1_B0,1959
v1_08bvista_F1_B1,1960
v1_08bvista_F1_B2,1961
v1_08bvista_F1_B3,1962
v1_08bvista_F2_B0,1963
v1_08bvista_F2_B1,1964
v1_08bvista_F2_B2,1965
v1_08bvista_F2_B3,1966
v1_08bvista_F2_B4,1967
v1_08bvista_F2_B5,1968
v1_08bvista_F3_B0,1969
v1_08bvista_F3_B1,1970
v1_08bvista_F3_B2,1971
v1_08bvista_F3_B3,1972
v1_08bvista_F3_B4,1973
v1_08bvista_F3_B5,1974
sub_tabango_substation_57_F0_B0,1975
sub_tabango_substation_57_F0_B1,1976
sub_tabango_substation_57_F0_B2,1977
sub_tabango_substation_57_F0_B3,1978
sub_tabango_substation_57_F0_B4,1979
sub_tabango_substation_57_F0_B5,1980
sub_tabango_substation_57_F1_B0,1981
sub_tabango_substation_57_F1_B1,1982
sub_tabango_substation_57_F1_B2,1983
sub_tabango_substation_57_F1_B3,1984
sub_tabango_substation_57_F1_B4,1985
sub_tabango_substation_57_F1_B5,1986
sub_tabango_substation_57_F3_B0,1987
sub_tabango_substation_57_F3_B1,1988
sub_tabango_substation_57_F3_B2,1989
sub_tabango_substation_57_F3_B3,1990
sub_tabango_substation_57_F3_B4,1991
sub_tabango_substation_57_F3_B5,1992
sub_osm_13_F0_B0,1993
sub_osm_13_F0_B1,1994
sub_osm_13_F0_B2,1995
sub_osm_13_F0_B3,1996
sub_osm_13_F0_B4,1997
sub_osm_13_F0_B5,1998
sub_osm_13_F1_B0,1999
sub_osm_13_F1_B1,2000
sub_osm_13_F1_B2,2001
sub_osm_13_F1_B3,2002
sub_osm_13_F1_B4,2003
sub_osm_13_F1_B5,2004
sub_osm_13_F2_B0,2005
sub_osm_13_F2_B1,2006
sub_osm_13_F2_B2,2007
sub_osm_13_F2_B3,2008
sub_osm_13_F2_B4,2009
sub_osm_13_F2_B5,2010
sub_osm_13_F3_B0,2011
sub_osm_13_F3_B1,2012
sub_osm_13_F3_B2,2013
sub_osm_13_F3_B3,2014
sub_osm_13_F3_B4,2015
sub_osm_13_F3_B5,2016
sub_milagro_substation_104_F0_B0,2017
sub_milagro_substation_104_F0_B1,2018
sub_milagro_substation_104_F0_B2,2019
sub_milagro_substation_104_F0_B3,2020
sub_milagro_substation_104_F0_B4,2021
sub_milagro_substation_104_F0_B5,2022
sub_milagro_substation_104_F1_B0,2023
sub_milagro_substation_104_F1_B1,2024
sub_milagro_substation_104_F1_B2,2025
sub_milagro_substation_104_F1_B3,2026
sub_milagro_substation_104_F1_B4,2027
sub_milagro_substation_104_F1_B5,2028
sub_milagro_substation_104_F2_B0,2029
sub_milagro_substation_104_F2_B1,2030
sub_milagro_substation_104_F2_B2,2031
sub_milagro_substation_104_F2_B3,2032
sub_milagro_substation_104_F2_B4,2033
sub_milagro_substation_104_F2_B5,2034
sub_milagro_substation_104_F3_B0,2035
sub_milagro_substation_104_F3_B1,2036
sub_milagro_substation_104_F3_B2,2037
sub_milagro_substation_104_F3_B3,2038
sub_milagro_substation_104_F3_B4,2039
sub_milagro_substation_104_F3_B5,2040
sub_babatngon_substation_20_F0_B0,2041
sub_babatngon_substation_20_F0_B1,2042
sub_babatngon_substation_20_F0_B2,2043
sub_babatngon_substation_20_F0_B3,2044
sub_babatngon_substation_20_F1_B0,2045
sub_babatngon_substation_20_F1_B1,2046
sub_babatngon_substation_20_F1_B2,2047
sub_babatngon_substation_20_F1_B3,2048
sub_babatngon_substation_20_F1_B4,2049
sub_babatngon_substation_20_F1_B5,2050
sub_babatngon_substation_20_F2_B0,2051
sub_babatngon_substation_20_F2_B1,2052
sub_babatngon_substation_20_F2_B2,2053
sub_babatngon_substation_20_F2_B3,2054
sub_babatngon_substation_20_F2_B4,2055
sub_babatngon_substation_20_F2_B5,2056
sub_babatngon_substation_20_F3_B0,2057
sub_babatngon_substation_20_F3_B1,2058
sub_babatngon_substation_20_F3_B2,2059
sub_babatngon_substation_20_F3_B3,2060
sub_babatngon_substation_20_F3_B4,2061
sub_babatngon_substation_20_F3_B5,2062
sub_osm_55_F0_B0,2063
sub_osm_55_F0_B1,2064
sub_osm_55_F0_B2,2065
sub_osm_55_F0_B3,2066
sub_osm_55_F0_B4,2067
sub_osm_55_F0_B5,2068
sub_osm_55_F1_B0,2069
sub_osm_55_F1_B1,2070
sub_osm_55_F1_B2,2071
sub_osm_55_F1_B3,2072
sub_osm_55_F1_B4,2073
sub_osm_55_F1_B5,2074
sub_osm_55_F2_B0,2075
sub_osm_55_F2_B1,2076
sub_osm_55_F2_B2,2077
sub_osm_55_F2_B3,2078
sub_osm_55_F2_B4,2079
sub_osm_55_F2_B5,2080
sub_osm_55_F3_B0,2081
sub_osm_55_F3_B1,2082
sub_osm_55_F3_B2,2083
sub_osm_55_F3_B3,2084
sub_osm_55_F3_B4,2085
sub_osm_55_F3_B5,2086
sub_javier_substation_9_F0_B0,2087
sub_javier_substation_9_F0_B1,2088
sub_javier_substation_9_F0_B2,2089
sub_javier_substation_9_F0_B3,2090
sub_javier_substation_9_F0_B4,2091
sub_javier_substation_9_F0_B5,2092
sub_javier_substation_9_F1_B0,2093
sub_javier_substation_9_F1_B1,2094
sub_javier_substation_9_F1_B2,2095
sub_javier_substation_9_F1_B3,2096
sub_javier_substation_9_F1_B4,2097
sub_javier_substation_9_F1_B5,2098
sub_javier_substation_9_F2_B0,2099
sub_javier_substation_9_F2_B1,2100
sub_javier_substation_9_F2_B2,2101
sub_javier_substation_9_F2_B3,2102
sub_javier_substation_9_F2_B4,2103
sub_javier_substation_9_F2_B5,2104
sub_javier_substation_9_F3_B0,2105
sub_javier_substation_9_F3_B1,2106
sub_javier_substation_9_F3_B2,2107
sub_javier_substation_9_F3_B3,2108
sub_javier_substation_9_F3_B4,2109
sub_javier_substation_9_F3_B5,2110
sub_osm_21_F0_B0,2111
sub_osm_21_F0_B1,2112
sub_osm_21_F0_B2,2113
sub_osm_21_F0_B3,2114
sub_osm_21_F0_B4,2115
sub_osm_21_F0_B5,2116
sub_osm_21_F1_B0,2117
sub_osm_21_F1_B1,2118
sub_osm_21_F1_B2,2119
sub_osm_21_F1_B3,2120
sub_osm_21_F1_B4,2121
sub_osm_21_F1_B5,2122
sub_osm_21_F2_B0,2123
sub_osm_21_F2_B1,2124
sub_osm_21_F2_B2,2125
sub_osm_21_F2_B3,2126
sub_osm_21_F2_B4,2127
sub_osm_21_F2_B5,2128
sub_osm_21_F3_B0,2129
sub_osm_21_F3_B1,2130
sub_osm_21_F3_B2,2131
sub_osm_21_F3_B3,2132
sub_osm_21_F3_B4,2133
sub_osm_21_F3_B5,2134
sub_osm_25_F0_B0,2135
sub_osm_25_F0_B1,2136
sub_osm_25_F0_B2,2137
sub_osm_25_F0_B3,2138
sub_osm_25_F0_B4,2139
sub_osm_25_F0_B5,2140
sub_osm_25_F1_B0,2141
sub_osm_25_F1_B1,2142
sub_osm_25_F1_B2,2143
sub_osm_25_F1_B3,2144
sub_osm_25_F1_B4,2145
sub_osm_25_F1_B5,2146
sub_osm_25_F2_B0,2147
sub_osm_25_F2_B1,2148
sub_osm_25_F2_B2,2149
sub_osm_25_F2_B3,2150
sub_osm_25_F2_B4,2151
sub_osm_25_F2_B5,2152
sub_osm_25_F3_B0,2153
sub_osm_25_F3_B1,2154
sub_osm_25_F3_B2,2155
sub_osm_25_F3_B3,2156
sub_osm_25_F3_B4,2157
sub_osm_25_F3_B5,2158
sub_osm_26_F0_B0,2159
sub_osm_26_F0_B1,2160
sub_osm_26_F0_B2,2161
sub_osm_26_F0_B3,2162
sub_osm_26_F0_B4,2163
sub_osm_26_F0_B5,2164
sub_osm_26_F1_B0,2165
sub_osm_26_F1_B1,2166
sub_osm_26_F1_B2,2167
sub_osm_26_F1_B3,2168
sub_osm_26_F1_B4,2169
sub_osm_26_F1_B5,2170
sub_osm_26_F2_B0,2171
sub_osm_26_F3_B0,2172
sub_osm_26_F3_B1,2173
sub_osm_26_F3_B2,2174
sub_osm_26_F3_B3,2175
sub_osm_26_F3_B4,2176
sub_osm_26_F3_B5,2177
sub_don_orestes_romualdez_electric_cooperative_inc_substation_41_F0_B0,2178
sub_don_orestes_romualdez_electric_cooperative_inc_substation_41_F0_B1,2179
sub_don_orestes_romualdez_electric_cooperative_inc_substation_41_F0_B2,2180
sub_don_orestes_romualdez_electric_cooperative_inc_substation_41_F0_B3,2181
sub_don_orestes_romualdez_electric_cooperative_inc_substation_41_F0_B4,2182
sub_don_orestes_romualdez_electric_cooperative_inc_substation_41_F0_B5,2183
sub_don_orestes_romualdez_electric_cooperative_inc_substation_41_F1_B0,2184
sub_don_orestes_romualdez_electric_cooperative_inc_substation_41_F1_B1,2185
sub_don_orestes_romualdez_electric_cooperative_inc_substation_41_F1_B2,2186
sub_don_orestes_romualdez_electric_cooperative_inc_substation_41_F1_B3,2187
sub_don_orestes_romualdez_electric_cooperative_inc_substation_41_F1_B4,2188
sub_don_orestes_romualdez_electric_cooperative_inc_substation_41_F1_B5,2189
sub_don_orestes_romualdez_electric_cooperative_inc_substation_41_F2_B0,2190
sub_don_orestes_romualdez_electric_cooperative_inc_substation_41_F2_B1,2191
sub_don_orestes_romualdez_electric_cooperative_inc_substation_41_F2_B2,2192
sub_don_orestes_romualdez_electric_cooperative_inc_substation_41_F2_B3,2193
sub_don_orestes_romualdez_electric_cooperative_inc_substation_41_F2_B4,2194
sub_don_orestes_romualdez_electric_cooperative_inc_substation_41_F2_B5,2195
sub_abucay_substation_42_F0_B0,2196
sub_abucay_substation_42_F0_B1,2197
sub_abucay_substation_42_F1_B0,2198
sub_abucay_substation_42_F1_B1,2199
sub_abucay_substation_42_F1_B2,2200
sub_abucay_substation_42_F1_B3,2201
sub_abucay_substation_42_F1_B4,2202
sub_abucay_substation_42_F1_B5,2203
sub_abucay_substation_42_F2_B0,2204
sub_abucay_substation_42_F2_B1,2205
sub_abucay_substation_42_F2_B2,2206
sub_abucay_substation_42_F2_B3,2207
sub_abucay_substation_42_F2_B4,2208
sub_abucay_substation_42_F2_B5,2209
sub_abucay_substation_42_F3_B0,2210
sub_abucay_substation_42_F3_B1,2211
sub_abucay_substation_42_F3_B2,2212
sub_abucay_substation_42_F3_B3,2213
sub_abucay_substation_42_F3_B4,2214
sub_abucay_substation_42_F3_B5,2215
sub_pnp_43_F0_B0,2216
sub_pnp_43_F0_B1,2217
sub_pnp_43_F0_B2,2218
sub_pnp_43_F0_B3,2219
sub_pnp_43_F1_B0,2220
sub_pnp_43_F1_B1,2221
sub_pnp_43_F1_B2,2222
sub_pnp_43_F1_B3,2223
sub_pnp_43_F1_B4,2224
sub_pnp_43_F1_B5,2225
sub_pnp_43_F2_B0,2226
sub_pnp_43_F2_B1,2227
sub_pnp_43_F2_B2,2228
sub_pnp_43_F2_B3,2229
sub_pnp_43_F2_B4,2230
sub_pnp_43_F2_B5,2231
sub_pnp_43_F3_B0,2232
sub_pnp_43_F3_B1,2233
sub_pnp_43_F3_B2,2234
sub_pnp_43_F3_B3,2235
sub_pnp_43_F3_B4,2236
sub_pnp_43_F3_B5,2237
sub_maharlika_substation_50_F0_B0,2238
sub_maharlika_substation_50_F0_B1,2239
sub_maharlika_substation_50_F0_B2,2240
sub_maharlika_substation_50_F0_B3,2241
sub_maharlika_substation_50_F0_B4,2242
sub_maharlika_substation_50_F0_B5,2243
sub_maharlika_substation_50_F1_B0,2244
sub_maharlika_substation_50_F1_B1,2245
sub_maharlika_substation_50_F1_B2,2246
sub_maharlika_substation_50_F1_B3,2247
sub_maharlika_substation_50_F1_B4,2248
sub_maharlika_substation_50_F1_B5,2249
sub_maharlika_substation_50_F2_B0,2250
sub_maharlika_substation_50_F2_B1,2251
sub_maharlika_substation_50_F2_B2,2252
sub_maharlika_substation_50_F2_B3,2253
sub_maharlika_substation_50_F2_B4,2254
sub_maharlika_substation_50_F2_B5,2255
sub_maharlika_substation_50_F3_B0,2256
sub_maharlika_substation_50_F3_B1,2257
sub_maharlika_substation_50_F3_B2,2258
sub_maharlika_substation_50_F3_B3,2259
sub_maharlika_substation_50_F3_B4,2260
sub_maharlika_substation_50_F3_B5,2261
sub_ormoc_solar_farm_106_F0_B0,2262
sub_ormoc_solar_farm_106_F0_B1,2263
sub_ormoc_solar_farm_106_F0_B2,2264
sub_ormoc_solar_farm_106_F0_B3,2265
sub_ormoc_solar_farm_106_F0_B4,2266
sub_ormoc_solar_farm_106_F0_B5,2267
sub_ormoc_solar_farm_106_F1_B0,2268
sub_ormoc_solar_farm_106_F1_B1,2269
sub_ormoc_solar_farm_106_F1_B2,2270
sub_ormoc_solar_farm_106_F1_B3,2271
sub_ormoc_solar_farm_106_F1_B4,2272
sub_ormoc_solar_farm_106_F1_B5,2273
sub_ormoc_solar_farm_106_F2_B0,2274
sub_ormoc_solar_farm_106_F2_B1,2275
sub_ormoc_solar_farm_106_F2_B2,2276
sub_ormoc_solar_farm_106_F2_B3,2277
sub_ormoc_solar_farm_106_F2_B4,2278
sub_ormoc_solar_farm_106_F2_B5,2279
sub_ormoc_solar_farm_106_F3_B0,2280
sub_ormoc_solar_farm_106_F3_B1,2281
sub_ormoc_solar_farm_106_F3_B2,2282
sub_ormoc_solar_farm_106_F3_B3,2283
sub_ormoc_solar_farm_106_F3_B4,2284
sub_ormoc_solar_farm_106_F3_B5,2285
sub_mayorga_substation_111_F0_B0,2286
sub_mayorga_substation_111_F0_B1,2287
sub_mayorga_substation_111_F0_B2,2288
sub_mayorga_substation_111_F0_B3,2289
sub_mayorga_substation_111_F0_B4,2290
sub_mayorga_substation_111_F0_B5,2291
sub_mayorga_substation_111_F1_B0,2292
sub_mayorga_substation_111_F1_B1,2293
sub_mayorga_substation_111_F1_B2,2294
sub_mayorga_substation_111_F1_B3,2295
sub_mayorga_substation_111_F1_B4,2296
sub_mayorga_substation_111_F1_B5,2297
sub_mayorga_substation_111_F2_B0,2298
sub_mayorga_substation_111_F2_B1,2299
sub_mayorga_substation_111_F2_B2,2300
sub_mayorga_substation_111_F2_B3,2301
sub_mayorga_substation_111_F2_B4,2302
sub_mayorga_substation_111_F2_B5,2303
sub_mayorga_substation_111_F3_B0,2304
sub_mayorga_substation_111_F3_B1,2305
sub_albuera_electrode_station_114_F0_B0,2306
sub_albuera_electrode_station_114_F0_B1,2307
sub_albuera_electrode_station_114_F0_B2,2308
sub_albuera_electrode_station_114_F0_B3,2309
sub_albuera_electrode_station_114_F0_B4,2310
sub_albuera_electrode_station_114_F0_B5,2311
sub_albuera_electrode_station_114_F1_B0,2312
sub_albuera_electrode_station_114_F1_B1,2313
sub_albuera_electrode_station_114_F1_B2,2314
sub_albuera_electrode_station_114_F1_B3,2315
sub_albuera_electrode_station_114_F1_B4,2316
sub_albuera_electrode_station_114_F1_B5,2317
sub_albuera_electrode_station_114_F3_B0,2318
sub_albuera_electrode_station_114_F3_B1,2319
sub_albuera_electrode_station_114_F3_B2,2320
sub_albuera_electrode_station_114_F3_B3,2321
sub_albuera_electrode_station_114_F3_B4,2322
sub_albuera_electrode_station_114_F3_B5,2323
sub_sagkahan_substation_115_F0_B0,2324
sub_sagkahan_substation_115_F0_B1,2325
sub_sagkahan_substation_115_F0_B2,2326
sub_sagkahan_substation_115_F0_B3,2327
sub_sagkahan_substation_115_F0_B4,2328
sub_sagkahan_substation_115_F0_B5,2329
sub_sagkahan_substation_115_F1_B0,2330
sub_sagkahan_substation_115_F1_B1,2331
sub_sagkahan_substation_115_F1_B2,2332
sub_sagkahan_substation_115_F1_B3,2333
sub_sagkahan_substation_115_F1_B4,2334
sub_sagkahan_substation_115_F1_B5,2335
sub_sagkahan_substation_115_F2_B0,2336
sub_sagkahan_substation_115_F2_B1,2337
sub_sagkahan_substation_115_F2_B2,2338
sub_sagkahan_substation_115_F2_B3,2339
sub_sagkahan_substation_115_F2_B4,2340
sub_sagkahan_substation_115_F2_B5,2341
sub_sagkahan_substation_115_F3_B0,2342
sub_sagkahan_substation_115_F3_B1,2343
sub_sagkahan_substation_115_F3_B2,2344
sub_sagkahan_substation_115_F3_B3,2345
v1_04babatngn_F0_B0,2346
v1_04babatngn_F0_B1,2347
v1_04babatngn_F0_B2,2348
v1_04babatngn_F0_B3,2349
v1_04babatngn_F0_B4,2350
v1_04babatngn_F0_B5,2351
v1_04babatngn_F1_B0,2352
v1_04babatngn_F1_B1,2353
v1_04babatngn_F1_B2,2354
v1_04babatngn_F1_B3,2355
v1_04babatngn_F1_B4,2356
v1_04babatngn_F1_B5,2357
v1_04babatngn_F2_B0,2358
v1_04babatngn_F2_B1,2359
v1_04babatngn_F2_B2,2360
v1_04babatngn_F2_B3,2361
v1_04babatngn_F2_B4,2362
v1_04babatngn_F2_B5,2363
v1_04babatngn_F3_B0,2364
v1_04babatngn_F3_B1,2365
v1_04babatngn_F3_B2,2366
v1_04babatngn_F3_B3,2367
v1_04babatngn_F3_B4,2368
v1_04babatngn_F3_B5,2369
v1_04kananga_F0_B0,2370
v1_04kananga_F0_B1,2371
v1_04kananga_F0_B2,2372
v1_04kananga_F0_B3,2373
v1_04kananga_F0_B4,2374
v1_04kananga_F0_B5,2375
v1_04kananga_F1_B0,2376
v1_04kananga_F1_B1,2377
v1_04kananga_F1_B2,2378
v1_04kananga_F1_B3,2379
v1_04kananga_F1_B4,2380
v1_04kananga_F1_B5,2381
v1_04kananga_F2_B0,2382
v1_04kananga_F2_B1,2383
v1_04kananga_F2_B2,2384
v1_04kananga_F2_B3,2385
v1_04kananga_F2_B4,2386
v1_04kananga_F2_B5,2387
v1_04kananga_F3_B0,2388
v1_04kananga_F3_B1,2389
v1_04kananga_F3_B2,2390
v1_04kananga_F3_B3,2391
v1_04kananga_F3_B4,2392
v1_04kananga_F3_B5,2393
v1_04tongona_F0_B0,2394
v1_04tongona_F0_B1,2395
v1_04tongona_F0_B2,2396
v1_04tongona_F0_B3,2397
v1_04tongona_F0_B4,2398
v1_04tongona_F0_B5,2399
v1_04tongona_F1_B0,2400
v1_04tongona_F1_B1,2401
v1_04tongona_F1_B2,2402
v1_04tongona_F1_B3,2403
v1_04tongona_F1_B4,2404
v1_04tongona_F1_B5,2405
v1_04tongona_F2_B0,2406
v1_04tongona_F2_B1,2407
v1_04tongona_F2_B2,2408
v1_04tongona_F2_B3,2409
v1_04tongona_F2_B4,2410
v1_04tongona_F2_B5,2411
v1_04tongona_F3_B0,2412
v1_04tongona_F3_B1,2413
v1_04tongona_F3_B2,2414
v1_04tongona_F3_B3,2415
v1_04tongona_F3_B4,2416
v1_04tongona_F3_B5,2417
sub_cadiz_substation_56_F0_B0,2418
sub_cadiz_substation_56_F0_B1,2419
sub_cadiz_substation_56_F0_B2,2420
sub_cadiz_substation_56_F0_B3,2421
sub_cadiz_substation_56_F0_B4,2422
sub_cadiz_substation_56_F0_B5,2423
sub_cadiz_substation_56_F1_B0,2424
sub_cadiz_substation_56_F1_B1,2425
sub_cadiz_substation_56_F1_B2,2426
sub_cadiz_substation_56_F1_B3,2427
sub_cadiz_substation_56_F1_B4,2428
sub_cadiz_substation_56_F1_B5,2429
sub_cadiz_substation_56_F2_B0,2430
sub_cadiz_substation_56_F2_B1,2431
sub_cadiz_substation_56_F2_B2,2432
sub_cadiz_substation_56_F2_B3,2433
sub_cadiz_substation_56_F2_B4,2434
sub_cadiz_substation_56_F2_B5,2435
sub_cadiz_substation_56_F3_B0,2436
sub_cadiz_substation_56_F3_B1,2437
sub_cadiz_substation_56_F3_B2,2438
sub_cadiz_substation_56_F3_B3,2439
sub_cadiz_substation_56_F3_B4,2440
sub_cadiz_substation_56_F3_B5,2441
sub_san_jose_substation_116_F0_B0,2442
sub_san_jose_substation_116_F0_B1,2443
sub_san_jose_substation_116_F0_B2,2444
sub_san_jose_substation_116_F0_B3,2445
sub_san_jose_substation_116_F0_B4,2446
sub_san_jose_substation_116_F0_B5,2447
sub_san_jose_substation_116_F1_B0,2448
sub_san_jose_substation_116_F1_B1,2449
sub_san_jose_substation_116_F1_B2,2450
sub_san_jose_substation_116_F1_B3,2451
sub_san_jose_substation_116_F1_B4,2452
sub_san_jose_substation_116_F1_B5,2453
sub_san_jose_substation_116_F2_B0,2454
sub_san_jose_substation_116_F2_B1,2455
sub_san_jose_substation_116_F2_B2,2456
sub_san_jose_substation_116_F2_B3,2457
sub_san_jose_substation_116_F2_B4,2458
sub_san_jose_substation_116_F2_B5,2459
sub_san_jose_substation_116_F3_B0,2460
sub_san_jose_substation_116_F3_B1,2461
sub_cadiz_substation_96_F0_B0,2462
sub_cadiz_substation_96_F0_B1,2463
sub_cadiz_substation_96_F0_B2,2464
sub_cadiz_substation_96_F0_B3,2465
sub_cadiz_substation_96_F0_B4,2466
sub_cadiz_substation_96_F0_B5,2467
sub_cadiz_substation_96_F1_B0,2468
sub_cadiz_substation_96_F1_B1,2469
sub_cadiz_substation_96_F1_B2,2470
sub_cadiz_substation_96_F1_B3,2471
sub_cadiz_substation_96_F1_B4,2472
sub_cadiz_substation_96_F1_B5,2473
sub_cadiz_substation_96_F2_B0,2474
sub_cadiz_substation_96_F2_B1,2475
sub_cadiz_substation_96_F2_B2,2476
sub_cadiz_substation_96_F2_B3,2477
sub_cadiz_substation_96_F2_B4,2478
sub_cadiz_substation_96_F2_B5,2479
sub_cadiz_substation_96_F3_B0,2480
sub_cadiz_substation_96_F3_B1,2481
sub_cadiz_substation_96_F3_B2,2482
sub_cadiz_substation_96_F3_B3,2483
sub_cadiz_substation_96_F3_B4,2484
sub_cadiz_substation_96_F3_B5,2485
sub_osm_80_F0_B0,2486
sub_osm_80_F0_B1,2487
sub_osm_80_F0_B2,2488
sub_osm_80_F0_B3,2489
sub_osm_80_F0_B4,2490
sub_osm_80_F0_B5,2491
sub_osm_80_F1_B0,2492
sub_osm_80_F1_B1,2493
sub_osm_80_F1_B2,2494
sub_osm_80_F1_B3,2495
sub_osm_80_F1_B4,2496
sub_osm_80_F1_B5,2497
sub_osm_80_F2_B0,2498
sub_osm_80_F2_B1,2499
sub_osm_80_F2_B2,2500
sub_osm_80_F2_B3,2501
sub_osm_80_F2_B4,2502
sub_osm_80_F2_B5,2503
sub_osm_80_F3_B0,2504
sub_osm_80_F3_B1,2505
sub_osm_80_F3_B2,2506
sub_osm_80_F3_B3,2507
sub_osm_80_F3_B4,2508
sub_osm_80_F3_B5,2509
sub_sagay_substation_98_F0_B0,2510
sub_sagay_substation_98_F0_B1,2511
sub_sagay_substation_98_F0_B2,2512
sub_sagay_substation_98_F0_B3,2513
sub_sagay_substation_98_F0_B4,2514
sub_sagay_substation_98_F0_B5,2515
sub_sagay_substation_98_F1_B0,2516
sub_sagay_substation_98_F1_B1,2517
sub_sagay_substation_98_F1_B2,2518
sub_sagay_substation_98_F1_B3,2519
sub_sagay_substation_98_F1_B4,2520
sub_sagay_substation_98_F1_B5,2521
sub_sagay_substation_98_F2_B0,2522
sub_sagay_substation_98_F2_B1,2523
sub_sagay_substation_98_F2_B2,2524
sub_sagay_substation_98_F2_B3,2525
sub_sagay_substation_98_F2_B4,2526
sub_sagay_substation_98_F2_B5,2527
sub_sagay_substation_98_F3_B0,2528
sub_sagay_substation_98_F3_B1,2529
sub_sagay_substation_98_F3_B2,2530
sub_sagay_substation_98_F3_B3,2531
sub_sagay_substation_98_F3_B4,2532
sub_sagay_substation_98_F3_B5,2533
sub_calatrava_cable_terminal_112_F1_B0,2534
sub_calatrava_cable_terminal_112_F1_B1,2535
sub_calatrava_cable_terminal_112_F1_B2,2536
sub_calatrava_cable_terminal_112_F1_B3,2537
sub_calatrava_cable_terminal_112_F1_B4,2538
sub_calatrava_cable_terminal_112_F1_B5,2539
sub_calatrava_cable_terminal_112_F2_B0,2540
sub_calatrava_cable_terminal_112_F2_B1,2541
sub_calatrava_cable_terminal_112_F2_B2,2542
sub_calatrava_cable_terminal_112_F2_B3,2543
sub_calatrava_cable_terminal_112_F2_B4,2544
sub_calatrava_cable_terminal_112_F2_B5,2545
sub_calatrava_cable_terminal_112_F3_B0,2546
sub_calatrava_cable_terminal_112_F3_B1,2547
sub_calatrava_substation_113_F0_B0,2548
sub_calatrava_substation_113_F0_B1,2549
sub_calatrava_substation_113_F0_B2,2550
sub_calatrava_substation_113_F0_B3,2551
sub_calatrava_substation_113_F0_B4,2552
sub_calatrava_substation_113_F0_B5,2553
sub_calatrava_substation_113_F1_B0,2554
sub_calatrava_substation_113_F1_B1,2555
sub_calatrava_substation_113_F1_B2,2556
sub_calatrava_substation_113_F1_B3,2557
sub_calatrava_substation_113_F1_B4,2558
sub_calatrava_substation_113_F1_B5,2559
sub_calatrava_substation_113_F2_B0,2560
sub_calatrava_substation_113_F2_B1,2561
sub_calatrava_substation_113_F2_B2,2562
sub_calatrava_substation_113_F2_B3,2563
sub_calatrava_substation_113_F2_B4,2564
sub_calatrava_substation_113_F2_B5,2565
sub_calatrava_substation_113_F3_B0,2566
sub_calatrava_substation_113_F3_B1,2567
sub_ceneco_murcia_substation_7_F0_B0,2568
sub_ceneco_murcia_substation_7_F0_B1,2569
sub_ceneco_murcia_substation_7_F0_B2,2570
sub_ceneco_murcia_substation_7_F0_B3,2571
sub_ceneco_murcia_substation_7_F0_B4,2572
sub_ceneco_murcia_substation_7_F0_B5,2573
sub_ceneco_murcia_substation_7_F1_B0,2574
sub_ceneco_murcia_substation_7_F1_B1,2575
sub_ceneco_murcia_substation_7_F1_B2,2576
sub_ceneco_murcia_substation_7_F1_B3,2577
sub_ceneco_murcia_substation_7_F1_B4,2578
sub_ceneco_murcia_substation_7_F1_B5,2579
sub_ceneco_murcia_substation_7_F2_B0,2580
sub_ceneco_murcia_substation_7_F2_B1,2581
sub_ceneco_murcia_substation_7_F2_B2,2582
sub_ceneco_murcia_substation_7_F2_B3,2583
sub_ceneco_murcia_substation_7_F2_B4,2584
sub_ceneco_murcia_substation_7_F2_B5,2585
sub_ceneco_murcia_substation_7_F3_B0,2586
sub_ceneco_murcia_substation_7_F3_B1,2587
sub_ceneco_murcia_substation_7_F3_B2,2588
sub_ceneco_murcia_substation_7_F3_B3,2589
sub_ceneco_murcia_substation_7_F3_B4,2590
sub_ceneco_murcia_substation_7_F3_B5,2591
sub_panaogao_substation_78_F0_B0,2592
sub_panaogao_substation_78_F0_B1,2593
sub_panaogao_substation_78_F0_B2,2594
sub_panaogao_substation_78_F0_B3,2595
sub_panaogao_substation_78_F0_B4,2596
sub_panaogao_substation_78_F0_B5,2597
sub_panaogao_substation_78_F1_B0,2598
sub_panaogao_substation_78_F1_B1,2599
sub_panaogao_substation_78_F1_B2,2600
sub_panaogao_substation_78_F1_B3,2601
sub_panaogao_substation_78_F1_B4,2602
sub_panaogao_substation_78_F1_B5,2603
sub_panaogao_substation_78_F2_B0,2604
sub_panaogao_substation_78_F2_B1,2605
sub_panaogao_substation_78_F2_B2,2606
sub_panaogao_substation_78_F2_B3,2607
sub_panaogao_substation_78_F2_B4,2608
sub_panaogao_substation_78_F2_B5,2609
sub_panaogao_substation_78_F3_B0,2610
sub_panaogao_substation_78_F3_B1,2611
sub_panaogao_substation_78_F3_B2,2612
sub_panaogao_substation_78_F3_B3,2613
sub_panaogao_substation_78_F3_B4,2614
sub_panaogao_substation_78_F3_B5,2615
sub_bacayan_substation_79_F0_B0,2616
sub_bacayan_substation_79_F0_B1,2617
sub_bacayan_substation_79_F0_B2,2618
sub_bacayan_substation_79_F0_B3,2619
sub_bacayan_substation_79_F0_B4,2620
sub_bacayan_substation_79_F0_B5,2621
sub_bacayan_substation_79_F1_B0,2622
sub_bacayan_substation_79_F1_B1,2623
sub_bacayan_substation_79_F1_B2,2624
sub_bacayan_substation_79_F1_B3,2625
sub_bacayan_substation_79_F1_B4,2626
sub_bacayan_substation_79_F1_B5,2627
sub_bacayan_substation_79_F2_B0,2628
sub_bacayan_substation_79_F2_B1,2629
sub_bacayan_substation_79_F2_B2,2630
sub_bacayan_substation_79_F2_B3,2631
sub_bacayan_substation_79_F2_B4,2632
sub_bacayan_substation_79_F2_B5,2633
sub_bacayan_substation_79_F3_B0,2634
sub_bacayan_substation_79_F3_B1,2635
sub_bacayan_substation_79_F3_B2,2636
sub_bacayan_substation_79_F3_B3,2637
sub_bacayan_substation_79_F3_B4,2638
sub_bacayan_substation_79_F3_B5,2639
v1_06bacolod_F0_B0,2640
v1_06bacolod_F0_B1,2641
v1_06bacolod_F0_B2,2642
v1_06bacolod_F0_B3,2643
v1_06bacolod_F0_B4,2644
v1_06bacolod_F0_B5,2645
v1_06bacolod_F1_B0,2646
v1_06bacolod_F1_B1,2647
v1_06bacolod_F1_B2,2648
v1_06bacolod_F1_B3,2649
v1_06bacolod_F1_B4,2650
v1_06bacolod_F1_B5,2651
v1_06bacolod_F2_B0,2652
v1_06bacolod_F2_B1,2653
v1_06bacolod_F2_B2,2654
v1_06bacolod_F2_B3,2655
v1_06bacolod_F2_B4,2656
v1_06bacolod_F2_B5,2657
v1_06bacolod_F3_B0,2658
v1_06bacolod_F3_B1,2659
v1_06bacolod_F3_B2,2660
v1_06bacolod_F3_B3,2661
v1_06bacolod_F3_B4,2662
v1_06bacolod_F3_B5,2663
v1_06gahit_F0_B0,2664
v1_06gahit_F0_B1,2665
v1_06gahit_F0_B2,2666
v1_06gahit_F0_B3,2667
v1_06gahit_F0_B4,2668
v1_06gahit_F0_B5,2669
v1_06gahit_F1_B0,2670
v1_06gahit_F1_B1,2671
v1_06gahit_F2_B0,2672
v1_06gahit_F2_B1,2673
v1_06gahit_F2_B2,2674
v1_06gahit_F2_B3,2675
v1_06gahit_F2_B4,2676
v1_06gahit_F2_B5,2677
v1_06gahit_F3_B0,2678
v1_06gahit_F3_B1,2679
v1_06gahit_F3_B2,2680
v1_06gahit_F3_B3,2681
v1_06gahit_F3_B4,2682
v1_06gahit_F3_B5,2683
v1_06kabankalan_F0_B0,2684
v1_06kabankalan_F0_B1,2685
v1_06kabankalan_F0_B2,2686
v1_06kabankalan_F0_B3,2687
v1_06kabankalan_F0_B4,2688
v1_06kabankalan_F0_B5,2689
v1_06kabankalan_F1_B0,2690
v1_06kabankalan_F1_B1,2691
v1_06kabankalan_F1_B2,2692
v1_06kabankalan_F1_B3,2693
v1_06kabankalan_F1_B4,2694
v1_06kabankalan_F1_B5,2695
v1_06kabankalan_F2_B0,2696
v1_06kabankalan_F2_B1,2697
v1_06kabankalan_F2_B2,2698
v1_06kabankalan_F2_B3,2699
v1_06kabankalan_F2_B4,2700
v1_06kabankalan_F2_B5,2701
v1_06kabankalan_F3_B0,2702
v1_06kabankalan_F3_B1,2703
v1_06kabankalan_F3_B2,2704
v1_06kabankalan_F3_B3,2705
v1_06kabankalan_F3_B4,2706
v1_06kabankalan_F3_B5,2707
sub_bio_os_cable_terminal_66_F1_B0,2708
sub_bio_os_cable_terminal_66_F1_B1,2709
sub_bio_os_cable_terminal_66_F1_B2,2710
sub_bio_os_cable_terminal_66_F1_B3,2711
sub_bio_os_cable_terminal_66_F1_B4,2712
sub_bio_os_cable_terminal_66_F1_B5,2713
sub_bio_os_cable_terminal_66_F2_B0,2714
sub_bio_os_cable_terminal_66_F2_B1,2715
sub_bio_os_cable_terminal_66_F2_B2,2716
sub_bio_os_cable_terminal_66_F2_B3,2717
sub_bio_os_cable_terminal_66_F2_B4,2718
sub_bio_os_cable_terminal_66_F2_B5,2719
sub_bio_os_cable_terminal_66_F3_B0,2720
sub_bio_os_cable_terminal_66_F3_B1,2721
sub_bio_os_cable_terminal_66_F3_B2,2722
sub_bio_os_cable_terminal_66_F3_B3,2723
sub_bio_os_cable_terminal_66_F3_B4,2724
sub_bio_os_cable_terminal_66_F3_B5,2725
sub_amlan_substation_33_F0_B0,2726
sub_amlan_substation_33_F1_B0,2727
sub_amlan_substation_33_F1_B1,2728
sub_amlan_substation_33_F1_B2,2729
sub_amlan_substation_33_F1_B3,2730
sub_amlan_substation_33_F1_B4,2731
sub_amlan_substation_33_F1_B5,2732
sub_amlan_substation_33_F2_B0,2733
sub_amlan_substation_33_F2_B1,2734
sub_amlan_substation_33_F2_B2,2735
sub_amlan_substation_33_F2_B3,2736
sub_amlan_substation_33_F2_B4,2737
sub_amlan_substation_33_F2_B5,2738
sub_amlan_substation_33_F3_B0,2739
sub_amlan_substation_33_F3_B1,2740
sub_amlan_substation_33_F3_B2,2741
sub_amlan_substation_33_F3_B3,2742
sub_amlan_substation_33_F3_B4,2743
sub_amlan_substation_33_F3_B5,2744
sub_bagacay_substation_90_F0_B0,2745
sub_bagacay_substation_90_F0_B1,2746
sub_bagacay_substation_90_F0_B2,2747
sub_bagacay_substation_90_F0_B3,2748
sub_bagacay_substation_90_F0_B4,2749
sub_bagacay_substation_90_F0_B5,2750
sub_bagacay_substation_90_F1_B0,2751
sub_bagacay_substation_90_F1_B1,2752
sub_bagacay_substation_90_F1_B2,2753
sub_bagacay_substation_90_F1_B3,2754
sub_bagacay_substation_90_F1_B4,2755
sub_bagacay_substation_90_F1_B5,2756
sub_bagacay_substation_90_F2_B0,2757
sub_bagacay_substation_90_F2_B1,2758
sub_bagacay_substation_90_F2_B2,2759
sub_bagacay_substation_90_F2_B3,2760
sub_bagacay_substation_90_F2_B4,2761
sub_bagacay_substation_90_F2_B5,2762
sub_bagacay_substation_90_F3_B0,2763
sub_bagacay_substation_90_F3_B1,2764
sub_dauin_substation_94_F0_B0,2765
sub_dauin_substation_94_F0_B1,2766
sub_dauin_substation_94_F0_B2,2767
sub_dauin_substation_94_F0_B3,2768
sub_dauin_substation_94_F0_B4,2769
sub_dauin_substation_94_F0_B5,2770
sub_dauin_substation_94_F1_B0,2771
sub_dauin_substation_94_F1_B1,2772
sub_dauin_substation_94_F1_B2,2773
sub_dauin_substation_94_F1_B3,2774
sub_dauin_substation_94_F1_B4,2775
sub_dauin_substation_94_F1_B5,2776
sub_dauin_substation_94_F2_B0,2777
sub_dauin_substation_94_F2_B1,2778
sub_dauin_substation_94_F2_B2,2779
sub_dauin_substation_94_F2_B3,2780
sub_dauin_substation_94_F2_B4,2781
sub_dauin_substation_94_F2_B5,2782
sub_siaton_substation_103_F0_B0,2783
sub_siaton_substation_103_F0_B1,2784
sub_siaton_substation_103_F0_B2,2785
sub_siaton_substation_103_F0_B3,2786
sub_siaton_substation_103_F0_B4,2787
sub_siaton_substation_103_F0_B5,2788
sub_siaton_substation_103_F1_B0,2789
sub_siaton_substation_103_F1_B1,2790
sub_siaton_substation_103_F1_B2,2791
sub_siaton_substation_103_F1_B3,2792
sub_siaton_substation_103_F1_B4,2793
sub_siaton_substation_103_F1_B5,2794
sub_siaton_substation_103_F2_B0,2795
sub_siaton_substation_103_F2_B1,2796
sub_siaton_substation_103_F2_B2,2797
sub_siaton_substation_103_F2_B3,2798
sub_siaton_substation_103_F2_B4,2799
sub_siaton_substation_103_F2_B5,2800
sub_siaton_substation_103_F3_B0,2801
sub_siaton_substation_103_F3_B1,2802
sub_siaton_substation_103_F3_B2,2803
sub_siaton_substation_103_F3_B3,2804
sub_siaton_substation_103_F3_B4,2805
sub_siaton_substation_103_F3_B5,2806
sub_pulantubig_substation_107_F0_B0,2807
sub_pulantubig_substation_107_F0_B1,2808
sub_pulantubig_substation_107_F0_B2,2809
sub_pulantubig_substation_107_F0_B3,2810
sub_pulantubig_substation_107_F1_B0,2811
sub_pulantubig_substation_107_F1_B1,2812
sub_pulantubig_substation_107_F1_B2,2813
sub_pulantubig_substation_107_F1_B3,2814
sub_pulantubig_substation_107_F1_B4,2815
sub_pulantubig_substation_107_F1_B5,2816
sub_pulantubig_substation_107_F2_B0,2817
sub_pulantubig_substation_107_F2_B1,2818
sub_pulantubig_substation_107_F2_B2,2819
sub_pulantubig_substation_107_F2_B3,2820
sub_pulantubig_substation_107_F2_B4,2821
sub_pulantubig_substation_107_F2_B5,2822
sub_pulantubig_substation_107_F3_B0,2823
sub_pulantubig_substation_107_F3_B1,2824
sub_pulantubig_substation_107_F3_B2,2825
sub_tanjay_substation_108_F0_B0,2826
sub_tanjay_substation_108_F0_B1,2827
sub_tanjay_substation_108_F1_B0,2828
sub_tanjay_substation_108_F1_B1,2829
sub_tanjay_substation_108_F1_B2,2830
sub_tanjay_substation_108_F1_B3,2831
sub_tanjay_substation_108_F1_B4,2832
sub_tanjay_substation_108_F1_B5,2833
sub_tanjay_substation_108_F2_B0,2834
sub_tanjay_substation_108_F2_B1,2835
sub_tanjay_substation_108_F2_B2,2836
sub_tanjay_substation_108_F2_B3,2837
sub_tanjay_substation_108_F2_B4,2838
sub_tanjay_substation_108_F2_B5,2839
sub_tanjay_substation_108_F3_B0,2840
sub_tanjay_substation_108_F3_B1,2841
sub_tanjay_substation_108_F3_B2,2842
sub_tanjay_substation_108_F3_B3,2843
sub_tanjay_substation_108_F3_B4,2844
sub_tanjay_substation_108_F3_B5,2845
sub_bindoy_substation_109_F0_B0,2846
sub_bindoy_substation_109_F0_B1,2847
sub_bindoy_substation_109_F1_B0,2848
sub_bindoy_substation_109_F1_B1,2849
sub_bindoy_substation_109_F1_B2,2850
sub_bindoy_substation_109_F1_B3,2851
sub_bindoy_substation_109_F1_B4,2852
sub_bindoy_substation_109_F1_B5,2853
sub_bindoy_substation_109_F2_B0,2854
sub_bindoy_substation_109_F2_B1,2855
sub_bindoy_substation_109_F2_B2,2856
sub_bindoy_substation_109_F2_B3,2857
sub_bindoy_substation_109_F2_B4,2858
sub_bindoy_substation_109_F2_B5,2859
sub_bindoy_substation_109_F3_B0,2860
sub_bindoy_substation_109_F3_B1,2861
sub_bindoy_substation_109_F3_B2,2862
sub_osm_120_F0_B0,2863
sub_osm_120_F0_B1,2864
sub_osm_120_F0_B2,2865
sub_osm_120_F0_B3,2866
sub_osm_120_F1_B0,2867
sub_osm_120_F1_B1,2868
sub_osm_120_F1_B2,2869
sub_osm_120_F1_B3,2870
sub_osm_120_F1_B4,2871
sub_osm_120_F1_B5,2872
sub_osm_120_F2_B0,2873
sub_osm_120_F2_B1,2874
sub_osm_120_F2_B2,2875
sub_osm_120_F2_B3,2876
sub_osm_120_F2_B4,2877
sub_osm_120_F2_B5,2878
sub_osm_120_F3_B0,2879
v1_06mabinay_F0_B0,2880
v1_06mabinay_F0_B1,2881
v1_06mabinay_F0_B2,2882
v1_06mabinay_F0_B3,2883
v1_06mabinay_F0_B4,2884
v1_06mabinay_F0_B5,2885
v1_06mabinay_F1_B0,2886
v1_06mabinay_F1_B1,2887
v1_06mabinay_F1_B2,2888
v1_06mabinay_F1_B3,2889
v1_06mabinay_F1_B4,2890
v1_06mabinay_F1_B5,2891
v1_06mabinay_F2_B0,2892
v1_06mabinay_F2_B1,2893
v1_06mabinay_F2_B2,2894
v1_06mabinay_F2_B3,2895
v1_06mabinay_F2_B4,2896
v1_06mabinay_F2_B5,2897
v1_06mabinay_F3_B0,2898
v1_06mabinay_F3_B1,2899
v1_06mabinay_F3_B2,2900
v1_06mabinay_F3_B3,2901
v1_06mabinay_F3_B4,2902
v1_06mabinay_F3_B5,2903
v1_06pgpp1_F0_B0,2904
v1_06pgpp1_F0_B1,2905
v1_06pgpp1_F0_B2,2906
v1_06pgpp1_F0_B3,2907
v1_06pgpp1_F0_B4,2908
v1_06pgpp1_F0_B5,2909
v1_06pgpp1_F1_B0,2910
v1_06pgpp1_F1_B1,2911
v1_06pgpp1_F1_B2,2912
v1_06pgpp1_F1_B3,2913
v1_06pgpp1_F1_B4,2914
v1_06pgpp1_F1_B5,2915
v1_06pgpp1_F2_B0,2916
v1_06pgpp1_F2_B1,2917
v1_06pgpp1_F2_B2,2918
v1_06pgpp1_F2_B3,2919
v1_06pgpp1_F2_B4,2920
v1_06pgpp1_F2_B5,2921
v1_06pgpp1_F3_B0,2922
v1_06pgpp1_F3_B1,2923
v1_06pgpp1_F3_B2,2924
v1_06pgpp1_F3_B3,2925
v1_06pgpp1_F3_B4,2926
v1_06pgpp1_F3_B5,2927
v1_06pgpp2_F0_B0,2928
v1_06pgpp2_F0_B1,2929
v1_06pgpp2_F0_B2,2930
v1_06pgpp2_F0_B3,2931
v1_06pgpp2_F0_B4,2932
v1_06pgpp2_F0_B5,2933
v1_06pgpp2_F1_B0,2934
v1_06pgpp2_F1_B1,2935
v1_06pgpp2_F1_B2,2936
v1_06pgpp2_F1_B3,2937
v1_06pgpp2_F1_B4,2938
v1_06pgpp2_F1_B5,2939
v1_06pgpp2_F2_B0,2940
v1_06pgpp2_F2_B1,2941
v1_06pgpp2_F2_B2,2942
v1_06pgpp2_F2_B3,2943
v1_06pgpp2_F2_B4,2944
v1_06pgpp2_F2_B5,2945
v1_06pgpp2_F3_B0,2946
v1_06pgpp2_F3_B1,2947
v1_06pgpp2_F3_B2,2948
v1_06pgpp2_F3_B3,2949
v1_06pgpp2_F3_B4,2950
v1_06pgpp2_F3_B5,2951
