bus_id,component_id
sub_cadiz_substation_56,0
tower_0001,0
tower_0003,0
sub_allen_substation_85,6
tower_0004,6
tower_0005,0
tower_0006,0
sub_cebu_city_substation_14,0
sub_compostela_substation_15,0
sub_naga_substation_16,0
tower_0007,0
tower_0008,0
tower_0011,0
sub_tabango_substation_57,0
tower_0012,5
sub_osm_13,5
tower_0013,56
tower_0014,56
tower_0015,56
tower_0016,56
tower_0017,56
tower_0018,56
tower_0019,0
sub_maasin_substation_19,0
tower_0020,0
tower_0021,0
sub_milagro_substation_104,0
tower_0022,0
tower_0023,0
sub_daanbantayan_cable_terminal_27,0
sub_suba_cable_terminal_29,0
tower_0024,56
sub_osm_83,0
sub_magdugo_substation_72,0
sub_national_grid_corporation_of_the_philippines_34,0
tower_0025,0
sub_bio_os_cable_terminal_66,0
sub_paranas_substation_47,0
tower_0026,2
sub_quiot_substation_40,2
tower_0027,58
tower_0028,58
tower_0029,0
tower_0030,0
sub_amlan_substation_33,0
tower_0034,0
tower_0035,0
sub_cabacungan_cable_terminal_36,0
tower_0037,5
tower_0038,5
sub_babatngon_substation_20,0
sub_ubay_substation_54,0
sub_tugas_terminal_submerged_ngcp_lines_58,0
sub_osm_55,0
tower_0040,0
tower_0041,5
tower_0042,5
tower_0043,0
tower_0045,0
sub_maasin_terminal_submerged_lines_59,0
sub_corella_substation_boheco_i_18,0
tower_0046,1
sub_osm_4,1
tower_0047,0
sub_trinidad_substation_73,0
sub_mandugo_substation_62,0
tower_0048,0
tower_0049,0
tower_0050,0
sub_san_jose_substation_116,0
sub_mandaue_gas_insulated_substation_64,0
sub_lapu_lapu_gas_insulated_substation_63,0
tower_0051,0
tower_0052,0
sub_toledo_substation_68,0
tower_0053,0
sub_bagolibas_substation_48,40
tower_0054,0
tower_0055,0
sub_alicia_substation_71,0
tower_0056,0
tower_0057,0
tower_0058,33
tower_0059,33
sub_catbalogan_sub_station_1,7
tower_0060,0
sub_santander_cable_terminal_82,0
tower_0062,59
tower_0063,59
sub_dumanjug_converter_station_100,0
tower_0064,0
tower_0065,0
sub_argao_cable_terminal_117,0
sub_bohol_cable_terminal_89,0
tower_0069,33
tower_0070,0
sub_colon_substation_86,2
sub_mabolo_substation_74,2
tower_0071,2
sub_carreta_substation_70,2
sub_guadalupe_substation_92,2
tower_0072,2
sub_camputhaw_substation_32,2
sub_cbp_substation_91,2
tower_0073,2
tower_0074,2
tower_0075,2
sub_bulacao_substation_93,2
sub_cebeco_iii_8,0
tower_0078,0
tower_0079,0
tower_0080,0
sub_cadiz_substation_96,0
sub_osm_80,0
tower_0081,0
sub_sagay_substation_98,8
sub_ginatilan_substation_102,0
tower_0082,60
tower_0083,60
tower_0084,61
tower_0085,61
tower_0086,57
tower_0087,57
tower_0088,62
tower_0089,62
tower_0090,57
tower_0091,57
tower_0092,57
tower_0093,63
tower_0094,63
tower_0095,0
tower_0096,65
tower_0097,0
tower_0098,0
sub_talvera_cable_terminal_10,0
sub_calatrava_cable_terminal_112,0
sub_calatrava_substation_113,0
tower_0099,64
tower_0100,64
sub_osm_2,3
sub_osm_3,48
sub_lugo_load_end_substation_6,9
sub_ceneco_murcia_substation_7,10
sub_javier_substation_9,11
sub_osm_11,12
sub_bohol_light_company_inc_substation_1_17,13
sub_osm_21,14
sub_osm_22,15
sub_medellin_load_end_substation_23,4
sub_osm_25,16
sub_osm_26,46
sub_osm_30,17
sub_capoocan_substation_31,49
sub_osm_35,18
sub_osm_37,19
sub_don_orestes_romualdez_electric_cooperative_inc_substation_41,50
sub_abucay_substation_42,41
sub_pnp_43,35
sub_lonoy_substation_44,38
sub_osm_46,51
sub_ngcp_substation_49,34
sub_maharlika_substation_50,20
sub_maca_as_substation_53,42
sub_osm_60,0
sub_osm_61,52
sub_carcar_substation_65,21
sub_siquijor_island_power_corporation_substation_76,36
sub_osm_77,22
sub_panaogao_substation_78,23
sub_bacayan_substation_79,24
sub_power_house_84,39
sub_osm_87,25
sub_cebu_cable_terminal_88,26
sub_bagacay_substation_90,43
sub_dauin_substation_94,53
sub_siaton_substation_103,27
sub_ormoc_solar_farm_106,28
sub_pulantubig_substation_107,47
sub_tanjay_substation_108,44
sub_bindoy_substation_109,54
sub_osm_110,29
sub_mayorga_substation_111,45
sub_albuera_electrode_station_114,0
sub_sagkahan_substation_115,37
sub_pajo_load_end_substation_118,30
sub_osm_120,55
sub_synth_aklan,31
sub_synth_antique,32
sub_synth_antique_F0_B0,32
sub_synth_antique_F0_B1,32
sub_synth_antique_F0_B2,32
sub_synth_antique_F0_B3,32
sub_synth_antique_F0_B4,32
sub_synth_antique_F0_B5,32
sub_synth_antique_F1_B0,32
sub_synth_antique_F1_B1,32
sub_synth_antique_F1_B2,32
sub_synth_antique_F1_B3,32
sub_synth_antique_F1_B4,32
sub_synth_antique_F1_B5,32
sub_synth_antique_F2_B0,32
sub_synth_antique_F2_B1,32
sub_synth_antique_F2_B2,32
sub_synth_antique_F2_B3,32
sub_synth_antique_F2_B4,32
sub_synth_antique_F2_B5,32
sub_synth_antique_F3_B0,32
sub_synth_antique_F3_B1,32
sub_synth_antique_F3_B2,32
sub_synth_antique_F3_B3,32
sub_synth_antique_F3_B4,32
sub_synth_antique_F3_B5,32
sub_osm_61_F0_B0,52
sub_osm_61_F0_B1,52
sub_osm_61_F0_B2,52
sub_osm_61_F0_B3,52
sub_osm_61_F0_B4,52
sub_osm_61_F0_B5,52
sub_osm_61_F1_B0,52
sub_osm_61_F1_B1,52
sub_osm_61_F1_B2,52
sub_osm_61_F1_B3,52
sub_osm_61_F1_B4,52
sub_osm_61_F1_B5,52
sub_osm_61_F3_B0,52
sub_osm_61_F3_B1,52
sub_osm_61_F3_B2,52
sub_osm_61_F3_B3,52
sub_osm_61_F3_B4,52
sub_osm_61_F3_B5,52
sub_osm_37_F0_B0,19
sub_osm_37_F0_B1,19
sub_osm_37_F0_B2,19
sub_osm_37_F0_B3,19
sub_osm_37_F0_B4,19
sub_osm_37_F0_B5,19
sub_osm_37_F1_B0,19
sub_osm_37_F1_B1,19
sub_osm_37_F1_B2,19
sub_osm_37_F1_B3,19
sub_osm_37_F1_B4,19
sub_osm_37_F1_B5,19
sub_osm_37_F2_B0,19
sub_osm_37_F2_B1,19
sub_osm_37_F2_B2,19
sub_osm_37_F2_B3,19
sub_osm_37_F2_B4,19
sub_osm_37_F2_B5,19
sub_osm_37_F3_B0,19
sub_osm_37_F3_B1,19
sub_osm_37_F3_B2,19
sub_osm_37_F3_B3,19
sub_osm_37_F3_B4,19
sub_osm_37_F3_B5,19
sub_osm_60_F0_B0,0
sub_osm_60_F0_B1,0
sub_osm_60_F0_B2,0
sub_osm_60_F0_B3,0
sub_osm_60_F0_B4,0
sub_osm_60_F0_B5,0
sub_osm_60_F1_B0,0
sub_osm_60_F1_B1,0
sub_osm_60_F1_B2,0
sub_osm_60_F1_B3,0
sub_osm_60_F1_B4,0
sub_osm_60_F1_B5,0
sub_osm_60_F2_B0,0
sub_osm_60_F2_B1,0
sub_osm_60_F2_B2,0
sub_osm_60_F2_B3,0
sub_osm_60_F2_B4,0
sub_osm_60_F2_B5,0
sub_osm_60_F3_B0,0
sub_osm_60_F3_B1,0
sub_osm_60_F3_B2,0
sub_osm_60_F3_B3,0
sub_osm_60_F3_B4,0
sub_osm_60_F3_B5,0
sub_allen_substation_85_F0_B0,6
sub_allen_substation_85_F0_B1,6
sub_allen_substation_85_F0_B2,6
sub_allen_substation_85_F0_B3,6
sub_allen_substation_85_F0_B4,6
sub_allen_substation_85_F0_B5,6
sub_allen_substation_85_F1_B0,6
sub_allen_substation_85_F1_B1,6
sub_allen_substation_85_F1_B2,6
sub_allen_substation_85_F1_B3,6
sub_allen_substation_85_F1_B4,6
sub_allen_substation_85_F1_B5,6
sub_allen_substation_85_F2_B0,6
sub_allen_substation_85_F2_B1,6
sub_allen_substation_85_F2_B2,6
sub_allen_substation_85_F2_B3,6
sub_allen_substation_85_F2_B4,6
sub_allen_substation_85_F2_B5,6
sub_allen_substation_85_F3_B0,6
sub_allen_substation_85_F3_B1,6
sub_allen_substation_85_F3_B2,6
sub_allen_substation_85_F3_B3,6
sub_allen_substation_85_F3_B4,6
sub_allen_substation_85_F3_B5,6
sub_cabacungan_cable_terminal_36_F0_B0,0
sub_cabacungan_cable_terminal_36_F0_B1,0
sub_cabacungan_cable_terminal_36_F0_B2,0
sub_cabacungan_cable_terminal_36_F0_B3,0
sub_cabacungan_cable_terminal_36_F0_B4,0
sub_cabacungan_cable_terminal_36_F0_B5,0
sub_cabacungan_cable_terminal_36_F2_B0,0
sub_cabacungan_cable_terminal_36_F2_B1,0
sub_cabacungan_cable_terminal_36_F2_B2,0
sub_cabacungan_cable_terminal_36_F2_B3,0
sub_cabacungan_cable_terminal_36_F2_B4,0
sub_cabacungan_cable_terminal_36_F2_B5,0
sub_cabacungan_cable_terminal_36_F3_B0,0
sub_cabacungan_cable_terminal_36_F3_B1,0
sub_cabacungan_cable_terminal_36_F3_B2,0
sub_cabacungan_cable_terminal_36_F3_B3,0
sub_cabacungan_cable_terminal_36_F3_B4,0
sub_cabacungan_cable_terminal_36_F3_B5,0
sub_osm_35_F0_B0,18
sub_osm_35_F0_B1,18
sub_osm_35_F0_B2,18
sub_osm_35_F0_B3,18
sub_osm_35_F0_B4,18
sub_osm_35_F0_B5,18
sub_osm_35_F1_B0,18
sub_osm_35_F1_B1,18
sub_osm_35_F1_B2,18
sub_osm_35_F1_B3,18
sub_osm_35_F1_B4,18
sub_osm_35_F1_B5,18
sub_osm_35_F2_B0,18
sub_osm_35_F2_B1,18
sub_osm_35_F2_B2,18
sub_osm_35_F2_B3,18
sub_osm_35_F2_B4,18
sub_osm_35_F2_B5,18
sub_osm_35_F3_B0,18
sub_osm_35_F3_B1,18
sub_osm_35_F3_B2,18
sub_osm_35_F3_B3,18
sub_osm_35_F3_B4,18
sub_osm_35_F3_B5,18
sub_national_grid_corporation_of_the_philippines_34_F0_B0,0
sub_national_grid_corporation_of_the_philippines_34_F0_B1,0
sub_national_grid_corporation_of_the_philippines_34_F0_B2,0
sub_national_grid_corporation_of_the_philippines_34_F0_B3,0
sub_national_grid_corporation_of_the_philippines_34_F0_B4,0
sub_national_grid_corporation_of_the_philippines_34_F0_B5,0
sub_national_grid_corporation_of_the_philippines_34_F1_B0,0
sub_national_grid_corporation_of_the_philippines_34_F1_B1,0
sub_national_grid_corporation_of_the_philippines_34_F1_B2,0
sub_national_grid_corporation_of_the_philippines_34_F1_B3,0
sub_national_grid_corporation_of_the_philippines_34_F1_B4,0
sub_national_grid_corporation_of_the_philippines_34_F1_B5,0
sub_national_grid_corporation_of_the_philippines_34_F3_B0,0
sub_national_grid_corporation_of_the_philippines_34_F3_B1,0
sub_national_grid_corporation_of_the_philippines_34_F3_B2,0
sub_national_grid_corporation_of_the_philippines_34_F3_B3,0
sub_national_grid_corporation_of_the_philippines_34_F3_B4,0
sub_national_grid_corporation_of_the_philippines_34_F3_B5,0
sub_paranas_substation_47_F0_B0,0
sub_paranas_substation_47_F0_B1,0
sub_paranas_substation_47_F0_B2,0
sub_paranas_substation_47_F0_B3,0
sub_paranas_substation_47_F0_B4,0
sub_paranas_substation_47_F0_B5,0
sub_paranas_substation_47_F1_B0,0
sub_paranas_substation_47_F1_B1,0
sub_paranas_substation_47_F1_B2,0
sub_paranas_substation_47_F1_B3,0
sub_paranas_substation_47_F1_B4,0
sub_paranas_substation_47_F1_B5,0
sub_paranas_substation_47_F2_B0,0
sub_paranas_substation_47_F2_B1,0
sub_paranas_substation_47_F2_B2,0
sub_paranas_substation_47_F2_B3,0
sub_paranas_substation_47_F2_B4,0
sub_paranas_substation_47_F2_B5,0
sub_paranas_substation_47_F3_B0,0
sub_paranas_substation_47_F3_B1,0
sub_paranas_substation_47_F3_B2,0
sub_paranas_substation_47_F3_B3,0
sub_paranas_substation_47_F3_B4,0
sub_paranas_substation_47_F3_B5,0
sub_bagolibas_substation_48_F0_B0,40
sub_bagolibas_substation_48_F0_B1,40
sub_bagolibas_substation_48_F0_B2,40
sub_bagolibas_substation_48_F0_B3,40
sub_bagolibas_substation_48_F0_B4,40
sub_bagolibas_substation_48_F0_B5,40
sub_bagolibas_substation_48_F1_B0,40
sub_bagolibas_substation_48_F1_B1,40
sub_bagolibas_substation_48_F2_B0,40
sub_bagolibas_substation_48_F2_B1,40
sub_bagolibas_substation_48_F2_B2,40
sub_bagolibas_substation_48_F2_B3,40
sub_bagolibas_substation_48_F2_B4,40
sub_bagolibas_substation_48_F2_B5,40
sub_bagolibas_substation_48_F3_B0,40
sub_bagolibas_substation_48_F3_B1,40
sub_bagolibas_substation_48_F3_B2,40
sub_bagolibas_substation_48_F3_B3,40
sub_bagolibas_substation_48_F3_B4,40
sub_bagolibas_substation_48_F3_B5,40
sub_catbalogan_sub_station_1_F0_B0,7
sub_catbalogan_sub_station_1_F0_B1,7
sub_catbalogan_sub_station_1_F0_B2,7
sub_catbalogan_sub_station_1_F0_B3,7
sub_catbalogan_sub_station_1_F0_B4,7
sub_catbalogan_sub_station_1_F0_B5,7
sub_catbalogan_sub_station_1_F1_B0,7
sub_catbalogan_sub_station_1_F1_B1,7
sub_catbalogan_sub_station_1_F1_B2,7
sub_catbalogan_sub_station_1_F1_B3,7
sub_catbalogan_sub_station_1_F1_B4,7
sub_catbalogan_sub_station_1_F1_B5,7
sub_catbalogan_sub_station_1_F2_B0,7
sub_catbalogan_sub_station_1_F2_B1,7
sub_catbalogan_sub_station_1_F2_B2,7
sub_catbalogan_sub_station_1_F2_B3,7
sub_catbalogan_sub_station_1_F2_B4,7
sub_catbalogan_sub_station_1_F2_B5,7
sub_catbalogan_sub_station_1_F3_B0,7
sub_catbalogan_sub_station_1_F3_B1,7
sub_catbalogan_sub_station_1_F3_B2,7
sub_catbalogan_sub_station_1_F3_B3,7
sub_catbalogan_sub_station_1_F3_B4,7
sub_catbalogan_sub_station_1_F3_B5,7
sub_osm_30_F0_B0,17
sub_osm_30_F0_B1,17
sub_osm_30_F0_B2,17
sub_osm_30_F0_B3,17
sub_osm_30_F0_B4,17
sub_osm_30_F0_B5,17
sub_osm_30_F1_B0,17
sub_osm_30_F1_B1,17
sub_osm_30_F1_B2,17
sub_osm_30_F1_B3,17
sub_osm_30_F1_B4,17
sub_osm_30_F1_B5,17
sub_osm_30_F2_B0,17
sub_osm_30_F2_B1,17
sub_osm_30_F2_B2,17
sub_osm_30_F2_B3,17
sub_osm_30_F2_B4,17
sub_osm_30_F2_B5,17
sub_osm_30_F3_B0,17
sub_osm_30_F3_B1,17
sub_osm_30_F3_B2,17
sub_osm_30_F3_B3,17
sub_osm_30_F3_B4,17
sub_osm_30_F3_B5,17
sub_capoocan_substation_31_F0_B0,49
sub_capoocan_substation_31_F0_B1,49
sub_capoocan_substation_31_F0_B2,49
sub_capoocan_substation_31_F0_B3,49
sub_capoocan_substation_31_F0_B4,49
sub_capoocan_substation_31_F0_B5,49
sub_capoocan_substation_31_F1_B0,49
sub_capoocan_substation_31_F1_B1,49
sub_capoocan_substation_31_F1_B2,49
sub_capoocan_substation_31_F1_B3,49
sub_capoocan_substation_31_F1_B4,49
sub_capoocan_substation_31_F1_B5,49
sub_capoocan_substation_31_F3_B0,49
sub_capoocan_substation_31_F3_B1,49
sub_capoocan_substation_31_F3_B2,49
sub_capoocan_substation_31_F3_B3,49
sub_capoocan_substation_31_F3_B4,49
sub_capoocan_substation_31_F3_B5,49
sub_lonoy_substation_44_F0_B0,38
sub_lonoy_substation_44_F0_B1,38
sub_lonoy_substation_44_F0_B2,38
sub_lonoy_substation_44_F0_B3,38
sub_lonoy_substation_44_F0_B4,38
sub_lonoy_substation_44_F0_B5,38
sub_lonoy_substation_44_F1_B0,38
sub_lonoy_substation_44_F1_B1,38
sub_lonoy_substation_44_F1_B2,38
sub_lonoy_substation_44_F1_B3,38
sub_lonoy_substation_44_F1_B4,38
sub_lonoy_substation_44_F1_B5,38
sub_lonoy_substation_44_F2_B0,38
sub_lonoy_substation_44_F2_B1,38
sub_lonoy_substation_44_F2_B2,38
sub_lonoy_substation_44_F3_B0,38
sub_lonoy_substation_44_F3_B1,38
sub_lonoy_substation_44_F3_B2,38
sub_lonoy_substation_44_F3_B3,38
sub_lonoy_substation_44_F3_B4,38
sub_lonoy_substation_44_F3_B5,38
sub_siquijor_island_power_corporation_substation_76_F0_B0,36
sub_siquijor_island_power_corporation_substation_76_F0_B1,36
sub_siquijor_island_power_corporation_substation_76_F0_B2,36
sub_siquijor_island_power_corporation_substation_76_F0_B3,36
sub_siquijor_island_power_corporation_substation_76_F0_B4,36
sub_siquijor_island_power_corporation_substation_76_F0_B5,36
sub_siquijor_island_power_corporation_substation_76_F1_B0,36
sub_siquijor_island_power_corporation_substation_76_F1_B1,36
sub_siquijor_island_power_corporation_substation_76_F1_B2,36
sub_siquijor_island_power_corporation_substation_76_F1_B3,36
sub_siquijor_island_power_corporation_substation_76_F1_B4,36
sub_siquijor_island_power_corporation_substation_76_F1_B5,36
sub_siquijor_island_power_corporation_substation_76_F2_B0,36
sub_siquijor_island_power_corporation_substation_76_F2_B1,36
sub_siquijor_island_power_corporation_substation_76_F2_B2,36
sub_siquijor_island_power_corporation_substation_76_F2_B3,36
sub_siquijor_island_power_corporation_substation_76_F2_B4,36
sub_siquijor_island_power_corporation_substation_76_F2_B5,36
sub_siquijor_island_power_corporation_substation_76_F3_B0,36
sub_siquijor_island_power_corporation_substation_76_F3_B1,36
sub_siquijor_island_power_corporation_substation_76_F3_B2,36
sub_siquijor_island_power_corporation_substation_76_F3_B3,36
sub_maasin_substation_19_F0_B0,0
sub_maasin_substation_19_F0_B1,0
sub_maasin_substation_19_F0_B2,0
sub_maasin_substation_19_F0_B3,0
sub_maasin_substation_19_F0_B4,0
sub_maasin_substation_19_F0_B5,0
sub_maasin_substation_19_F1_B0,0
sub_maasin_substation_19_F1_B1,0
sub_maasin_substation_19_F1_B2,0
sub_maasin_substation_19_F1_B3,0
sub_maasin_substation_19_F2_B0,0
sub_maasin_substation_19_F2_B1,0
sub_maasin_substation_19_F3_B0,0
sub_maasin_substation_19_F3_B1,0
sub_maasin_substation_19_F3_B2,0
sub_maasin_substation_19_F3_B3,0
sub_maasin_substation_19_F3_B4,0
sub_maasin_substation_19_F3_B5,0
sub_maasin_terminal_submerged_lines_59_F0_B0,0
sub_maasin_terminal_submerged_lines_59_F0_B1,0
sub_maasin_terminal_submerged_lines_59_F0_B2,0
sub_maasin_terminal_submerged_lines_59_F0_B3,0
sub_maasin_terminal_submerged_lines_59_F0_B4,0
sub_maasin_terminal_submerged_lines_59_F0_B5,0
sub_maasin_terminal_submerged_lines_59_F1_B0,0
sub_maasin_terminal_submerged_lines_59_F3_B0,0
sub_maasin_terminal_submerged_lines_59_F3_B1,0
sub_maasin_terminal_submerged_lines_59_F3_B2,0
sub_maasin_terminal_submerged_lines_59_F3_B3,0
sub_maasin_terminal_submerged_lines_59_F3_B4,0
sub_maasin_terminal_submerged_lines_59_F3_B5,0
sub_osm_3_F1_B0,48
sub_osm_3_F1_B1,48
sub_osm_3_F1_B2,48
sub_osm_3_F1_B3,48
sub_osm_3_F1_B4,48
sub_osm_3_F1_B5,48
sub_osm_3_F2_B0,48
sub_osm_3_F2_B1,48
sub_osm_3_F2_B2,48
sub_osm_3_F2_B3,48
sub_osm_3_F2_B4,48
sub_osm_3_F2_B5,48
sub_osm_3_F3_B0,48
sub_osm_3_F3_B1,48
sub_osm_3_F3_B2,48
sub_osm_3_F3_B3,48
sub_osm_3_F3_B4,48
sub_osm_3_F3_B5,48
v1_07corella,0
v1_07tapal,0
v1_05cebu,3
v1_05daanbntay,4
v1_05naga,0
v1_05therma,0
v1_08bvista,1
v1_04babatngn,0
v1_04kananga,0
v1_04tongona,0
v1_06bacolod,0
v1_06gahit,33
v1_06kabankalan,0
v1_06mabinay,0
v1_06pgpp1,0
v1_06pgpp2,0
v1_08bantap,1
v1_08barotac,1
v1_08dingle,1
v1_08iloilo1,1
v1_08nabas,1
v1_08panitan,1
v1_08snjose,1
v1_08stbarbra,1
sub_osm_4_F0_B0,1
sub_osm_4_F0_B1,1
sub_osm_4_F0_B2,1
sub_osm_4_F0_B3,1
sub_osm_4_F0_B4,1
sub_osm_4_F0_B5,1
sub_osm_4_F1_B0,1
sub_osm_4_F1_B1,1
sub_osm_4_F1_B2,1
sub_osm_4_F1_B3,1
sub_osm_4_F1_B4,1
sub_osm_4_F1_B5,1
sub_osm_4_F2_B0,1
sub_osm_4_F2_B1,1
sub_osm_4_F2_B2,1
sub_osm_4_F2_B3,1
sub_osm_4_F2_B4,1
sub_osm_4_F2_B5,1
sub_osm_4_F3_B0,1
sub_osm_4_F3_B1,1
sub_osm_4_F3_B2,1
sub_osm_4_F3_B3,1
sub_osm_4_F3_B4,1
sub_osm_4_F3_B5,1
v1_08bantap_F0_B0,1
v1_08bantap_F0_B1,1
v1_08bantap_F0_B2,1
v1_08bantap_F0_B3,1
v1_08bantap_F0_B4,1
v1_08bantap_F0_B5,1
v1_08bantap_F1_B0,1
v1_08bantap_F1_B1,1
v1_08bantap_F1_B2,1
v1_08bantap_F1_B3,1
v1_08bantap_F1_B4,1
v1_08bantap_F1_B5,1
v1_08bantap_F2_B0,1
v1_08bantap_F2_B1,1
v1_08bantap_F2_B2,1
v1_08bantap_F2_B3,1
v1_08bantap_F2_B4,1
v1_08bantap_F2_B5,1
v1_08bantap_F3_B0,1
v1_08bantap_F3_B1,1
v1_08barotac_F0_B0,1
v1_08barotac_F0_B1,1
v1_08barotac_F0_B2,1
v1_08barotac_F0_B3,1
v1_08barotac_F0_B4,1
v1_08barotac_F0_B5,1
v1_08barotac_F1_B0,1
v1_08barotac_F1_B1,1
v1_08barotac_F1_B2,1
v1_08barotac_F1_B3,1
v1_08barotac_F1_B4,1
v1_08barotac_F1_B5,1
v1_08barotac_F2_B0,1
v1_08barotac_F2_B1,1
v1_08barotac_F2_B2,1
v1_08barotac_F2_B3,1
v1_08barotac_F2_B4,1
v1_08barotac_F2_B5,1
v1_08dingle_F0_B0,1
v1_08dingle_F0_B1,1
v1_08dingle_F0_B2,1
v1_08dingle_F0_B3,1
v1_08dingle_F0_B4,1
v1_08dingle_F0_B5,1
v1_08dingle_F1_B0,1
v1_08dingle_F1_B1,1
v1_08dingle_F1_B2,1
v1_08dingle_F1_B3,1
v1_08dingle_F1_B4,1
v1_08dingle_F1_B5,1
v1_08dingle_F2_B0,1
v1_08dingle_F2_B1,1
v1_08dingle_F2_B2,1
v1_08dingle_F2_B3,1
v1_08dingle_F2_B4,1
v1_08dingle_F2_B5,1
v1_08dingle_F3_B0,1
v1_08dingle_F3_B1,1
v1_08dingle_F3_B2,1
v1_08dingle_F3_B3,1
v1_08dingle_F3_B4,1
v1_08dingle_F3_B5,1
v1_08iloilo1_F0_B0,1
v1_08iloilo1_F0_B1,1
v1_08iloilo1_F0_B2,1
v1_08iloilo1_F0_B3,1
v1_08iloilo1_F0_B4,1
v1_08iloilo1_F0_B5,1
v1_08iloilo1_F1_B0,1
v1_08iloilo1_F1_B1,1
v1_08iloilo1_F1_B2,1
v1_08iloilo1_F1_B3,1
v1_08iloilo1_F1_B4,1
v1_08iloilo1_F1_B5,1
v1_08iloilo1_F2_B0,1
v1_08iloilo1_F2_B1,1
v1_08iloilo1_F2_B2,1
v1_08iloilo1_F2_B3,1
v1_08snjose_F0_B0,1
v1_08snjose_F0_B1,1
v1_08snjose_F0_B2,1
v1_08snjose_F0_B3,1
v1_08snjose_F0_B4,1
v1_08snjose_F0_B5,1
v1_08snjose_F1_B0,1
v1_08snjose_F1_B1,1
v1_08snjose_F1_B2,1
v1_08snjose_F1_B3,1
v1_08snjose_F1_B4,1
v1_08snjose_F1_B5,1
v1_08snjose_F2_B0,1
v1_08snjose_F2_B1,1
v1_08snjose_F2_B2,1
v1_08snjose_F2_B3,1
v1_08snjose_F2_B4,1
v1_08snjose_F2_B5,1
v1_08snjose_F3_B0,1
v1_08snjose_F3_B1,1
v1_08snjose_F3_B2,1
v1_08snjose_F3_B3,1
v1_08snjose_F3_B4,1
v1_08snjose_F3_B5,1
v1_08stbarbra_F0_B0,1
v1_08stbarbra_F0_B1,1
v1_08stbarbra_F0_B2,1
v1_08stbarbra_F0_B3,1
v1_08stbarbra_F0_B4,1
v1_08stbarbra_F0_B5,1
v1_08stbarbra_F1_B0,1
v1_08stbarbra_F1_B1,1
v1_08stbarbra_F1_B2,1
v1_08stbarbra_F1_B3,1
v1_08stbarbra_F1_B4,1
v1_08stbarbra_F1_B5,1
v1_08stbarbra_F2_B0,1
v1_08stbarbra_F2_B1,1
v1_08stbarbra_F2_B2,1
v1_08stbarbra_F2_B3,1
v1_08stbarbra_F2_B4,1
v1_08stbarbra_F2_B5,1
v1_08stbarbra_F3_B0,1
v1_08stbarbra_F3_B1,1
v1_08stbarbra_F3_B2,1
v1_08stbarbra_F3_B3,1
v1_08stbarbra_F3_B4,1
v1_08stbarbra_F3_B5,1
sub_synth_aklan_F0_B0,31
sub_synth_aklan_F0_B1,31
sub_synth_aklan_F0_B2,31
sub_synth_aklan_F0_B3,31
sub_synth_aklan_F0_B4,31
sub_synth_aklan_F0_B5,31
sub_synth_aklan_F1_B0,31
sub_synth_aklan_F1_B1,31
sub_synth_aklan_F1_B2,31
sub_synth_aklan_F1_B3,31
sub_synth_aklan_F1_B4,31
sub_synth_aklan_F1_B5,31
sub_synth_aklan_F2_B0,31
sub_synth_aklan_F2_B1,31
sub_synth_aklan_F2_B2,31
sub_synth_aklan_F2_B3,31
sub_synth_aklan_F2_B4,31
sub_synth_aklan_F2_B5,31
sub_synth_aklan_F3_B0,31
sub_synth_aklan_F3_B1,31
sub_synth_aklan_F3_B2,31
sub_synth_aklan_F3_B3,31
sub_synth_aklan_F3_B4,31
sub_synth_aklan_F3_B5,31
v1_08nabas_F0_B0,1
v1_08nabas_F0_B1,1
v1_08nabas_F1_B0,1
v1_08nabas_F1_B1,1
v1_08nabas_F1_B2,1
v1_08nabas_F1_B3,1
v1_08nabas_F1_B4,1
v1_08nabas_F1_B5,1
v1_08nabas_F2_B0,1
v1_08nabas_F2_B1,1
v1_08nabas_F2_B2,1
v1_08nabas_F2_B3,1
v1_08nabas_F2_B4,1
v1_08nabas_F2_B5,1
v1_08nabas_F3_B0,1
v1_08nabas_F3_B1,1
v1_08nabas_F3_B2,1
v1_08nabas_F3_B3,1
v1_08nabas_F3_B4,1
v1_08nabas_F3_B5,1
sub_ubay_substation_54_F0_B0,0
sub_ubay_substation_54_F0_B1,0
sub_ubay_substation_54_F0_B2,0
sub_ubay_substation_54_F0_B3,0
sub_ubay_substation_54_F0_B4,0
sub_ubay_substation_54_F0_B5,0
sub_ubay_substation_54_F1_B0,0
sub_ubay_substation_54_F1_B1,0
sub_ubay_substation_54_F1_B2,0
sub_ubay_substation_54_F1_B3,0
sub_ubay_substation_54_F1_B4,0
sub_ubay_substation_54_F1_B5,0
sub_ubay_substation_54_F2_B0,0
sub_ubay_substation_54_F2_B1,0
sub_ubay_substation_54_F2_B2,0
sub_ubay_substation_54_F2_B3,0
sub_ubay_substation_54_F2_B4,0
sub_ubay_substation_54_F2_B5,0
sub_ubay_substation_54_F3_B0,0
sub_ubay_substation_54_F3_B1,0
sub_ubay_substation_54_F3_B2,0
sub_ubay_substation_54_F3_B3,0
sub_ubay_substation_54_F3_B4,0
sub_ubay_substation_54_F3_B5,0
sub_tugas_terminal_submerged_ngcp_lines_58_F0_B0,0
sub_tugas_terminal_submerged_ngcp_lines_58_F1_B0,0
sub_tugas_terminal_submerged_ngcp_lines_58_F1_B1,0
sub_tugas_terminal_submerged_ngcp_lines_58_F1_B2,0
sub_tugas_terminal_submerged_ngcp_lines_58_F1_B3,0
sub_tugas_terminal_submerged_ngcp_lines_58_F1_B4,0
sub_tugas_terminal_submerged_ngcp_lines_58_F1_B5,0
sub_tugas_terminal_submerged_ngcp_lines_58_F2_B0,0
sub_tugas_terminal_submerged_ngcp_lines_58_F2_B1,0
sub_tugas_terminal_submerged_ngcp_lines_58_F2_B2,0
sub_tugas_terminal_submerged_ngcp_lines_58_F2_B3,0
sub_tugas_terminal_submerged_ngcp_lines_58_F2_B4,0
sub_tugas_terminal_submerged_ngcp_lines_58_F2_B5,0
sub_corella_substation_boheco_i_18_F0_B0,0
sub_corella_substation_boheco_i_18_F0_B1,0
sub_corella_substation_boheco_i_18_F0_B2,0
sub_corella_substation_boheco_i_18_F0_B3,0
sub_corella_substation_boheco_i_18_F0_B4,0
sub_corella_substation_boheco_i_18_F0_B5,0
sub_corella_substation_boheco_i_18_F1_B0,0
sub_corella_substation_boheco_i_18_F1_B1,0
sub_corella_substation_boheco_i_18_F1_B2,0
sub_corella_substation_boheco_i_18_F1_B3,0
sub_corella_substation_boheco_i_18_F1_B4,0
sub_corella_substation_boheco_i_18_F1_B5,0
sub_corella_substation_boheco_i_18_F2_B0,0
sub_corella_substation_boheco_i_18_F2_B1,0
sub_corella_substation_boheco_i_18_F2_B2,0
sub_corella_substation_boheco_i_18_F2_B3,0
sub_corella_substation_boheco_i_18_F2_B4,0
sub_corella_substation_boheco_i_18_F2_B5,0
sub_corella_substation_boheco_i_18_F3_B0,0
sub_corella_substation_boheco_i_18_F3_B1,0
sub_corella_substation_boheco_i_18_F3_B2,0
sub_corella_substation_boheco_i_18_F3_B3,0
sub_corella_substation_boheco_i_18_F3_B4,0
sub_corella_substation_boheco_i_18_F3_B5,0
sub_trinidad_substation_73_F0_B0,0
sub_trinidad_substation_73_F0_B1,0
sub_trinidad_substation_73_F0_B2,0
sub_trinidad_substation_73_F0_B3,0
sub_trinidad_substation_73_F0_B4,0
sub_trinidad_substation_73_F0_B5,0
sub_trinidad_substation_73_F1_B0,0
sub_trinidad_substation_73_F1_B1,0
sub_trinidad_substation_73_F1_B2,0
sub_trinidad_substation_73_F1_B3,0
sub_trinidad_substation_73_F1_B4,0
sub_trinidad_substation_73_F1_B5,0
sub_trinidad_substation_73_F2_B0,0
sub_trinidad_substation_73_F2_B1,0
sub_trinidad_substation_73_F2_B2,0
sub_trinidad_substation_73_F2_B3,0
sub_trinidad_substation_73_F2_B4,0
sub_trinidad_substation_73_F2_B5,0
sub_trinidad_substation_73_F3_B0,0
sub_trinidad_substation_73_F3_B1,0
sub_trinidad_substation_73_F3_B2,0
sub_trinidad_substation_73_F3_B3,0
sub_trinidad_substation_73_F3_B4,0
sub_trinidad_substation_73_F3_B5,0
sub_alicia_substation_71_F0_B0,0
sub_alicia_substation_71_F0_B1,0
sub_alicia_substation_71_F0_B2,0
sub_alicia_substation_71_F0_B3,0
sub_alicia_substation_71_F0_B4,0
sub_alicia_substation_71_F0_B5,0
sub_alicia_substation_71_F1_B0,0
sub_alicia_substation_71_F1_B1,0
sub_alicia_substation_71_F1_B2,0
sub_alicia_substation_71_F1_B3,0
sub_alicia_substation_71_F1_B4,0
sub_alicia_substation_71_F1_B5,0
sub_alicia_substation_71_F2_B0,0
sub_alicia_substation_71_F2_B1,0
sub_alicia_substation_71_F2_B2,0
sub_alicia_substation_71_F2_B3,0
sub_alicia_substation_71_F2_B4,0
sub_alicia_substation_71_F2_B5,0
sub_alicia_substation_71_F3_B0,0
sub_alicia_substation_71_F3_B1,0
sub_alicia_substation_71_F3_B2,0
sub_alicia_substation_71_F3_B3,0
sub_alicia_substation_71_F3_B4,0
sub_alicia_substation_71_F3_B5,0
sub_bohol_cable_terminal_89_F0_B0,0
sub_bohol_cable_terminal_89_F0_B1,0
sub_bohol_cable_terminal_89_F0_B2,0
sub_bohol_cable_terminal_89_F0_B3,0
sub_bohol_cable_terminal_89_F0_B4,0
sub_bohol_cable_terminal_89_F0_B5,0
sub_bohol_cable_terminal_89_F1_B0,0
sub_bohol_cable_terminal_89_F1_B1,0
sub_bohol_cable_terminal_89_F1_B2,0
sub_bohol_cable_terminal_89_F1_B3,0
sub_bohol_cable_terminal_89_F1_B4,0
sub_bohol_cable_terminal_89_F1_B5,0
sub_bohol_cable_terminal_89_F3_B0,0
sub_bohol_light_company_inc_substation_1_17_F0_B0,13
sub_bohol_light_company_inc_substation_1_17_F0_B1,13
sub_bohol_light_company_inc_substation_1_17_F0_B2,13
sub_bohol_light_company_inc_substation_1_17_F0_B3,13
sub_bohol_light_company_inc_substation_1_17_F0_B4,13
sub_bohol_light_company_inc_substation_1_17_F0_B5,13
sub_bohol_light_company_inc_substation_1_17_F1_B0,13
sub_bohol_light_company_inc_substation_1_17_F1_B1,13
sub_bohol_light_company_inc_substation_1_17_F1_B2,13
sub_bohol_light_company_inc_substation_1_17_F1_B3,13
sub_bohol_light_company_inc_substation_1_17_F1_B4,13
sub_bohol_light_company_inc_substation_1_17_F1_B5,13
sub_bohol_light_company_inc_substation_1_17_F2_B0,13
sub_bohol_light_company_inc_substation_1_17_F2_B1,13
sub_bohol_light_company_inc_substation_1_17_F2_B2,13
sub_bohol_light_company_inc_substation_1_17_F2_B3,13
sub_bohol_light_company_inc_substation_1_17_F2_B4,13
sub_bohol_light_company_inc_substation_1_17_F2_B5,13
sub_bohol_light_company_inc_substation_1_17_F3_B0,13
sub_bohol_light_company_inc_substation_1_17_F3_B1,13
sub_bohol_light_company_inc_substation_1_17_F3_B2,13
sub_bohol_light_company_inc_substation_1_17_F3_B3,13
sub_bohol_light_company_inc_substation_1_17_F3_B4,13
sub_bohol_light_company_inc_substation_1_17_F3_B5,13
sub_maca_as_substation_53_F0_B0,42
sub_maca_as_substation_53_F0_B1,42
sub_maca_as_substation_53_F0_B2,42
sub_maca_as_substation_53_F0_B3,42
sub_maca_as_substation_53_F0_B4,42
sub_maca_as_substation_53_F0_B5,42
sub_maca_as_substation_53_F1_B0,42
sub_maca_as_substation_53_F1_B1,42
sub_maca_as_substation_53_F2_B0,42
sub_maca_as_substation_53_F2_B1,42
sub_maca_as_substation_53_F2_B2,42
sub_maca_as_substation_53_F2_B3,42
sub_maca_as_substation_53_F2_B4,42
sub_maca_as_substation_53_F2_B5,42
sub_maca_as_substation_53_F3_B0,42
sub_maca_as_substation_53_F3_B1,42
sub_maca_as_substation_53_F3_B2,42
sub_maca_as_substation_53_F3_B3,42
sub_maca_as_substation_53_F3_B4,42
sub_maca_as_substation_53_F3_B5,42
sub_power_house_84_F0_B0,39
sub_power_house_84_F0_B1,39
sub_power_house_84_F0_B2,39
sub_power_house_84_F0_B3,39
sub_power_house_84_F0_B4,39
sub_power_house_84_F0_B5,39
sub_power_house_84_F1_B0,39
sub_power_house_84_F1_B1,39
sub_power_house_84_F1_B2,39
sub_power_house_84_F1_B3,39
sub_power_house_84_F1_B4,39
sub_power_house_84_F1_B5,39
sub_power_house_84_F2_B0,39
sub_power_house_84_F2_B1,39
sub_power_house_84_F2_B2,39
sub_power_house_84_F2_B3,39
sub_power_house_84_F2_B4,39
sub_power_house_84_F2_B5,39
sub_power_house_84_F3_B0,39
sub_power_house_84_F3_B1,39
sub_power_house_84_F3_B2,39
v1_07corella_F0_B0,0
v1_07corella_F0_B1,0
v1_07corella_F0_B2,0
v1_07corella_F0_B3,0
v1_07corella_F0_B4,0
v1_07corella_F0_B5,0
v1_07corella_F1_B0,0
v1_07corella_F1_B1,0
v1_07corella_F1_B2,0
v1_07corella_F1_B3,0
v1_07corella_F1_B4,0
v1_07corella_F1_B5,0
v1_07corella_F2_B0,0
v1_07corella_F2_B1,0
v1_07corella_F2_B2,0
v1_07corella_F2_B3,0
v1_07corella_F2_B4,0
v1_07corella_F2_B5,0
v1_07corella_F3_B0,0
v1_07corella_F3_B1,0
v1_07corella_F3_B2,0
v1_07corella_F3_B3,0
v1_07corella_F3_B4,0
v1_07corella_F3_B5,0
v1_07tapal_F0_B0,0
v1_07tapal_F0_B1,0
v1_07tapal_F0_B2,0
v1_07tapal_F0_B3,0
v1_07tapal_F0_B4,0
v1_07tapal_F0_B5,0
v1_07tapal_F1_B0,0
v1_07tapal_F1_B1,0
v1_07tapal_F1_B2,0
v1_07tapal_F1_B3,0
v1_07tapal_F1_B4,0
v1_07tapal_F1_B5,0
v1_07tapal_F2_B0,0
v1_07tapal_F2_B1,0
v1_07tapal_F2_B2,0
v1_07tapal_F2_B3,0
v1_07tapal_F2_B4,0
v1_07tapal_F2_B5,0
v1_07tapal_F3_B0,0
v1_07tapal_F3_B1,0
v1_07tapal_F3_B2,0
v1_07tapal_F3_B3,0
v1_07tapal_F3_B4,0
v1_07tapal_F3_B5,0
v1_08panitan_F0_B0,1
v1_08panitan_F0_B1,1
v1_08panitan_F0_B2,1
v1_08panitan_F0_B3,1
v1_08panitan_F0_B4,1
v1_08panitan_F0_B5,1
v1_08panitan_F1_B0,1
v1_08panitan_F1_B1,1
v1_08panitan_F1_B2,1
v1_08panitan_F1_B3,1
v1_08panitan_F1_B4,1
v1_08panitan_F1_B5,1
v1_08panitan_F2_B0,1
v1_08panitan_F2_B1,1
v1_08panitan_F2_B2,1
v1_08panitan_F2_B3,1
v1_08panitan_F2_B4,1
v1_08panitan_F2_B5,1
v1_08panitan_F3_B0,1
v1_08panitan_F3_B1,1
v1_08panitan_F3_B2,1
v1_08panitan_F3_B3,1
v1_08panitan_F3_B4,1
v1_08panitan_F3_B5,1
sub_cebu_city_substation_14_F0_B0,0
sub_cebu_city_substation_14_F0_B1,0
sub_cebu_city_substation_14_F0_B2,0
sub_cebu_city_substation_14_F0_B3,0
sub_cebu_city_substation_14_F0_B4,0
sub_cebu_city_substation_14_F0_B5,0
sub_cebu_city_substation_14_F1_B0,0
sub_cebu_city_substation_14_F1_B1,0
sub_cebu_city_substation_14_F1_B2,0
sub_cebu_city_substation_14_F1_B3,0
sub_cebu_city_substation_14_F1_B4,0
sub_cebu_city_substation_14_F1_B5,0
sub_cebu_city_substation_14_F2_B0,0
sub_cebu_city_substation_14_F2_B1,0
sub_cebu_city_substation_14_F2_B2,0
sub_cebu_city_substation_14_F2_B3,0
sub_cebu_city_substation_14_F2_B4,0
sub_cebu_city_substation_14_F2_B5,0
sub_cebu_city_substation_14_F3_B0,0
sub_cebu_city_substation_14_F3_B1,0
sub_cebu_city_substation_14_F3_B2,0
sub_cebu_city_substation_14_F3_B3,0
sub_cebu_city_substation_14_F3_B4,0
sub_cebu_city_substation_14_F3_B5,0
sub_compostela_substation_15_F0_B0,0
sub_compostela_substation_15_F0_B1,0
sub_compostela_substation_15_F0_B2,0
sub_compostela_substation_15_F0_B3,0
sub_compostela_substation_15_F0_B4,0
sub_compostela_substation_15_F0_B5,0
sub_compostela_substation_15_F1_B0,0
sub_compostela_substation_15_F1_B1,0
sub_compostela_substation_15_F1_B2,0
sub_compostela_substation_15_F1_B3,0
sub_compostela_substation_15_F1_B4,0
sub_compostela_substation_15_F1_B5,0
sub_compostela_substation_15_F2_B0,0
sub_compostela_substation_15_F2_B1,0
sub_compostela_substation_15_F2_B2,0
sub_compostela_substation_15_F2_B3,0
sub_compostela_substation_15_F2_B4,0
sub_compostela_substation_15_F2_B5,0
sub_compostela_substation_15_F3_B0,0
sub_naga_substation_16_F0_B0,0
sub_naga_substation_16_F0_B1,0
sub_naga_substation_16_F0_B2,0
sub_naga_substation_16_F0_B3,0
sub_naga_substation_16_F0_B4,0
sub_naga_substation_16_F0_B5,0
sub_naga_substation_16_F1_B0,0
sub_naga_substation_16_F1_B1,0
sub_naga_substation_16_F1_B2,0
sub_naga_substation_16_F1_B3,0
sub_naga_substation_16_F1_B4,0
sub_naga_substation_16_F1_B5,0
sub_naga_substation_16_F2_B0,0
sub_naga_substation_16_F2_B1,0
sub_naga_substation_16_F2_B2,0
sub_naga_substation_16_F2_B3,0
sub_naga_substation_16_F2_B4,0
sub_naga_substation_16_F2_B5,0
sub_naga_substation_16_F3_B0,0
sub_naga_substation_16_F3_B1,0
sub_naga_substation_16_F3_B2,0
sub_naga_substation_16_F3_B3,0
sub_naga_substation_16_F3_B4,0
sub_naga_substation_16_F3_B5,0
sub_daanbantayan_cable_terminal_27_F1_B0,0
sub_daanbantayan_cable_terminal_27_F1_B1,0
sub_daanbantayan_cable_terminal_27_F1_B2,0
sub_daanbantayan_cable_terminal_27_F1_B3,0
sub_daanbantayan_cable_terminal_27_F1_B4,0
sub_daanbantayan_cable_terminal_27_F2_B0,0
sub_daanbantayan_cable_terminal_27_F2_B1,0
sub_daanbantayan_cable_terminal_27_F2_B2,0
sub_daanbantayan_cable_terminal_27_F2_B3,0
sub_daanbantayan_cable_terminal_27_F2_B4,0
sub_daanbantayan_cable_terminal_27_F2_B5,0
sub_suba_cable_terminal_29_F0_B0,0
sub_suba_cable_terminal_29_F0_B1,0
sub_suba_cable_terminal_29_F0_B2,0
sub_suba_cable_terminal_29_F0_B3,0
sub_suba_cable_terminal_29_F0_B4,0
sub_suba_cable_terminal_29_F0_B5,0
sub_suba_cable_terminal_29_F3_B0,0
sub_suba_cable_terminal_29_F3_B1,0
sub_suba_cable_terminal_29_F3_B2,0
sub_suba_cable_terminal_29_F3_B3,0
sub_suba_cable_terminal_29_F3_B4,0
sub_suba_cable_terminal_29_F3_B5,0
sub_osm_83_F0_B0,0
sub_osm_83_F0_B1,0
sub_osm_83_F0_B2,0
sub_osm_83_F0_B3,0
sub_osm_83_F0_B4,0
sub_osm_83_F0_B5,0
sub_osm_83_F2_B0,0
sub_osm_83_F2_B1,0
sub_osm_83_F2_B2,0
sub_osm_83_F2_B3,0
sub_osm_83_F2_B4,0
sub_osm_83_F2_B5,0
sub_osm_83_F3_B0,0
sub_osm_83_F3_B1,0
sub_osm_83_F3_B2,0
sub_osm_83_F3_B3,0
sub_osm_83_F3_B4,0
sub_osm_83_F3_B5,0
sub_magdugo_substation_72_F0_B0,0
sub_magdugo_substation_72_F0_B1,0
sub_magdugo_substation_72_F0_B2,0
sub_magdugo_substation_72_F0_B3,0
sub_magdugo_substation_72_F0_B4,0
sub_magdugo_substation_72_F0_B5,0
sub_magdugo_substation_72_F1_B0,0
sub_magdugo_substation_72_F1_B1,0
sub_magdugo_substation_72_F1_B2,0
sub_magdugo_substation_72_F1_B3,0
sub_magdugo_substation_72_F1_B4,0
sub_magdugo_substation_72_F1_B5,0
sub_magdugo_substation_72_F2_B0,0
sub_magdugo_substation_72_F2_B1,0
sub_magdugo_substation_72_F2_B2,0
sub_magdugo_substation_72_F2_B3,0
sub_magdugo_substation_72_F2_B4,0
sub_magdugo_substation_72_F2_B5,0
sub_magdugo_substation_72_F3_B0,0
sub_magdugo_substation_72_F3_B1,0
sub_magdugo_substation_72_F3_B2,0
sub_magdugo_substation_72_F3_B3,0
sub_magdugo_substation_72_F3_B4,0
sub_magdugo_substation_72_F3_B5,0
sub_quiot_substation_40_F0_B0,2
sub_quiot_substation_40_F0_B1,2
sub_quiot_substation_40_F0_B2,2
sub_quiot_substation_40_F0_B3,2
sub_quiot_substation_40_F0_B4,2
sub_quiot_substation_40_F0_B5,2
sub_quiot_substation_40_F1_B0,2
sub_quiot_substation_40_F1_B1,2
sub_quiot_substation_40_F1_B2,2
sub_quiot_substation_40_F1_B3,2
sub_quiot_substation_40_F1_B4,2
sub_quiot_substation_40_F1_B5,2
sub_quiot_substation_40_F2_B0,2
sub_quiot_substation_40_F2_B1,2
sub_quiot_substation_40_F2_B2,2
sub_quiot_substation_40_F2_B3,2
sub_quiot_substation_40_F2_B4,2
sub_quiot_substation_40_F2_B5,2
sub_quiot_substation_40_F3_B0,2
sub_quiot_substation_40_F3_B1,2
sub_quiot_substation_40_F3_B2,2
sub_quiot_substation_40_F3_B3,2
sub_quiot_substation_40_F3_B4,2
sub_quiot_substation_40_F3_B5,2
sub_mandugo_substation_62_F0_B0,0
sub_mandugo_substation_62_F0_B1,0
sub_mandugo_substation_62_F0_B2,0
sub_mandugo_substation_62_F0_B3,0
sub_mandugo_substation_62_F0_B4,0
sub_mandugo_substation_62_F0_B5,0
sub_mandugo_substation_62_F1_B0,0
sub_mandugo_substation_62_F2_B0,0
sub_mandugo_substation_62_F2_B1,0
sub_mandugo_substation_62_F2_B2,0
sub_mandugo_substation_62_F2_B3,0
sub_mandugo_substation_62_F2_B4,0
sub_mandugo_substation_62_F2_B5,0
sub_mandugo_substation_62_F3_B0,0
sub_mandugo_substation_62_F3_B1,0
sub_mandugo_substation_62_F3_B2,0
sub_mandugo_substation_62_F3_B3,0
sub_mandugo_substation_62_F3_B4,0
sub_mandugo_substation_62_F3_B5,0
sub_mandaue_gas_insulated_substation_64_F0_B0,0
sub_mandaue_gas_insulated_substation_64_F0_B1,0
sub_mandaue_gas_insulated_substation_64_F0_B2,0
sub_mandaue_gas_insulated_substation_64_F0_B3,0
sub_mandaue_gas_insulated_substation_64_F0_B4,0
sub_mandaue_gas_insulated_substation_64_F0_B5,0
sub_mandaue_gas_insulated_substation_64_F1_B0,0
sub_mandaue_gas_insulated_substation_64_F1_B1,0
sub_mandaue_gas_insulated_substation_64_F1_B2,0
sub_mandaue_gas_insulated_substation_64_F1_B3,0
sub_mandaue_gas_insulated_substation_64_F1_B4,0
sub_mandaue_gas_insulated_substation_64_F1_B5,0
sub_mandaue_gas_insulated_substation_64_F2_B0,0
sub_mandaue_gas_insulated_substation_64_F2_B1,0
sub_mandaue_gas_insulated_substation_64_F2_B2,0
sub_mandaue_gas_insulated_substation_64_F2_B3,0
sub_mandaue_gas_insulated_substation_64_F2_B4,0
sub_mandaue_gas_insulated_substation_64_F2_B5,0
sub_mandaue_gas_insulated_substation_64_F3_B0,0
sub_mandaue_gas_insulated_substation_64_F3_B1,0
sub_mandaue_gas_insulated_substation_64_F3_B2,0
sub_mandaue_gas_insulated_substation_64_F3_B3,0
sub_mandaue_gas_insulated_substation_64_F3_B4,0
sub_mandaue_gas_insulated_substation_64_F3_B5,0
sub_lapu_lapu_gas_insulated_substation_63_F0_B0,0
sub_lapu_lapu_gas_insulated_substation_63_F0_B1,0
sub_lapu_lapu_gas_insulated_substation_63_F0_B2,0
sub_lapu_lapu_gas_insulated_substation_63_F0_B3,0
sub_lapu_lapu_gas_insulated_substation_63_F0_B4,0
sub_lapu_lapu_gas_insulated_substation_63_F0_B5,0
sub_lapu_lapu_gas_insulated_substation_63_F1_B0,0
sub_lapu_lapu_gas_insulated_substation_63_F1_B1,0
sub_lapu_lapu_gas_insulated_substation_63_F1_B2,0
sub_lapu_lapu_gas_insulated_substation_63_F1_B3,0
sub_lapu_lapu_gas_insulated_substation_63_F1_B4,0
sub_lapu_lapu_gas_insulated_substation_63_F1_B5,0
sub_lapu_lapu_gas_insulated_substation_63_F2_B0,0
sub_lapu_lapu_gas_insulated_substation_63_F2_B1,0
sub_lapu_lapu_gas_insulated_substation_63_F2_B2,0
sub_lapu_lapu_gas_insulated_substation_63_F2_B3,0
sub_lapu_lapu_gas_insulated_substation_63_F2_B4,0
sub_lapu_lapu_gas_insulated_substation_63_F2_B5,0
sub_lapu_lapu_gas_insulated_substation_63_F3_B0,0
sub_lapu_lapu_gas_insulated_substation_63_F3_B1,0
sub_lapu_lapu_gas_insulated_substation_63_F3_B2,0
sub_lapu_lapu_gas_insulated_substation_63_F3_B3,0
sub_lapu_lapu_gas_insulated_substation_63_F3_B4,0
sub_lapu_lapu_gas_insulated_substation_63_F3_B5,0
sub_toledo_substation_68_F0_B0,0
sub_toledo_substation_68_F0_B1,0
sub_toledo_substation_68_F0_B2,0
sub_toledo_substation_68_F0_B3,0
sub_toledo_substation_68_F0_B4,0
sub_toledo_substation_68_F0_B5,0
sub_toledo_substation_68_F1_B0,0
sub_toledo_substation_68_F1_B1,0
sub_toledo_substation_68_F1_B2,0
sub_toledo_substation_68_F1_B3,0
sub_toledo_substation_68_F1_B4,0
sub_toledo_substation_68_F1_B5,0
sub_toledo_substation_68_F2_B0,0
sub_toledo_substation_68_F2_B1,0
sub_toledo_substation_68_F2_B2,0
sub_toledo_substation_68_F2_B3,0
sub_toledo_substation_68_F2_B4,0
sub_toledo_substation_68_F2_B5,0
sub_toledo_substation_68_F3_B0,0
sub_toledo_substation_68_F3_B1,0
sub_toledo_substation_68_F3_B2,0
sub_toledo_substation_68_F3_B3,0
sub_toledo_substation_68_F3_B4,0
sub_toledo_substation_68_F3_B5,0
sub_santander_cable_terminal_82_F0_B0,0
sub_santander_cable_terminal_82_F0_B1,0
sub_santander_cable_terminal_82_F0_B2,0
sub_santander_cable_terminal_82_F0_B3,0
sub_santander_cable_terminal_82_F0_B4,0
sub_santander_cable_terminal_82_F0_B5,0
sub_santander_cable_terminal_82_F1_B0,0
sub_santander_cable_terminal_82_F1_B1,0
sub_santander_cable_terminal_82_F1_B2,0
sub_santander_cable_terminal_82_F1_B3,0
sub_santander_cable_terminal_82_F1_B4,0
sub_santander_cable_terminal_82_F1_B5,0
sub_santander_cable_terminal_82_F2_B0,0
sub_santander_cable_terminal_82_F2_B1,0
sub_santander_cable_terminal_82_F2_B2,0
sub_santander_cable_terminal_82_F2_B3,0
sub_santander_cable_terminal_82_F2_B4,0
sub_dumanjug_converter_station_100_F0_B0,0
sub_dumanjug_converter_station_100_F0_B1,0
sub_dumanjug_converter_station_100_F0_B2,0
sub_dumanjug_converter_station_100_F0_B3,0
sub_dumanjug_converter_station_100_F0_B4,0
sub_dumanjug_converter_station_100_F0_B5,0
sub_dumanjug_converter_station_100_F1_B0,0
sub_dumanjug_converter_station_100_F1_B1,0
sub_dumanjug_converter_station_100_F1_B2,0
sub_dumanjug_converter_station_100_F1_B3,0
sub_dumanjug_converter_station_100_F1_B4,0
sub_dumanjug_converter_station_100_F2_B0,0
sub_dumanjug_converter_station_100_F2_B1,0
sub_dumanjug_converter_station_100_F2_B2,0
sub_dumanjug_converter_station_100_F2_B3,0
sub_dumanjug_converter_station_100_F2_B4,0
sub_dumanjug_converter_station_100_F2_B5,0
sub_dumanjug_converter_station_100_F3_B0,0
sub_dumanjug_converter_station_100_F3_B1,0
sub_dumanjug_converter_station_100_F3_B2,0
sub_dumanjug_converter_station_100_F3_B3,0
sub_dumanjug_converter_station_100_F3_B4,0
sub_dumanjug_converter_station_100_F3_B5,0
sub_argao_cable_terminal_117_F1_B0,0
sub_argao_cable_terminal_117_F1_B1,0
sub_argao_cable_terminal_117_F1_B2,0
sub_argao_cable_terminal_117_F1_B3,0
sub_argao_cable_terminal_117_F1_B4,0
sub_argao_cable_terminal_117_F1_B5,0
sub_argao_cable_terminal_117_F2_B0,0
sub_argao_cable_terminal_117_F2_B1,0
sub_argao_cable_terminal_117_F2_B2,0
sub_argao_cable_terminal_117_F2_B3,0
sub_argao_cable_terminal_117_F2_B4,0
sub_argao_cable_terminal_117_F2_B5,0
sub_argao_cable_terminal_117_F3_B0,0
sub_colon_substation_86_F0_B0,2
sub_colon_substation_86_F0_B1,2
sub_colon_substation_86_F0_B2,2
sub_colon_substation_86_F0_B3,2
sub_colon_substation_86_F0_B4,2
sub_colon_substation_86_F0_B5,2
sub_colon_substation_86_F1_B0,2
sub_colon_substation_86_F1_B1,2
sub_colon_substation_86_F1_B2,2
sub_colon_substation_86_F1_B3,2
sub_colon_substation_86_F1_B4,2
sub_colon_substation_86_F1_B5,2
sub_colon_substation_86_F2_B0,2
sub_colon_substation_86_F2_B1,2
sub_colon_substation_86_F2_B2,2
sub_colon_substation_86_F2_B3,2
sub_colon_substation_86_F2_B4,2
sub_colon_substation_86_F2_B5,2
sub_colon_substation_86_F3_B0,2
sub_colon_substation_86_F3_B1,2
sub_colon_substation_86_F3_B2,2
sub_colon_substation_86_F3_B3,2
sub_colon_substation_86_F3_B4,2
sub_colon_substation_86_F3_B5,2
sub_mabolo_substation_74_F0_B0,2
sub_mabolo_substation_74_F0_B1,2
sub_mabolo_substation_74_F0_B2,2
sub_mabolo_substation_74_F0_B3,2
sub_mabolo_substation_74_F0_B4,2
sub_mabolo_substation_74_F0_B5,2
sub_mabolo_substation_74_F1_B0,2
sub_mabolo_substation_74_F1_B1,2
sub_mabolo_substation_74_F1_B2,2
sub_mabolo_substation_74_F1_B3,2
sub_mabolo_substation_74_F1_B4,2
sub_mabolo_substation_74_F1_B5,2
sub_mabolo_substation_74_F2_B0,2
sub_mabolo_substation_74_F2_B1,2
sub_mabolo_substation_74_F2_B2,2
sub_mabolo_substation_74_F2_B3,2
sub_mabolo_substation_74_F2_B4,2
sub_mabolo_substation_74_F2_B5,2
sub_mabolo_substation_74_F3_B0,2
sub_mabolo_substation_74_F3_B1,2
sub_mabolo_substation_74_F3_B2,2
sub_mabolo_substation_74_F3_B3,2
sub_mabolo_substation_74_F3_B4,2
sub_mabolo_substation_74_F3_B5,2
sub_carreta_substation_70_F0_B0,2
sub_carreta_substation_70_F0_B1,2
sub_carreta_substation_70_F0_B2,2
sub_carreta_substation_70_F0_B3,2
sub_carreta_substation_70_F0_B4,2
sub_carreta_substation_70_F0_B5,2
sub_carreta_substation_70_F1_B0,2
sub_carreta_substation_70_F1_B1,2
sub_carreta_substation_70_F1_B2,2
sub_carreta_substation_70_F1_B3,2
sub_carreta_substation_70_F1_B4,2
sub_carreta_substation_70_F1_B5,2
sub_carreta_substation_70_F2_B0,2
sub_carreta_substation_70_F2_B1,2
sub_carreta_substation_70_F2_B2,2
sub_carreta_substation_70_F2_B3,2
sub_carreta_substation_70_F2_B4,2
sub_carreta_substation_70_F2_B5,2
sub_carreta_substation_70_F3_B0,2
sub_carreta_substation_70_F3_B1,2
sub_carreta_substation_70_F3_B2,2
sub_carreta_substation_70_F3_B3,2
sub_carreta_substation_70_F3_B4,2
sub_carreta_substation_70_F3_B5,2
sub_guadalupe_substation_92_F0_B0,2
sub_guadalupe_substation_92_F0_B1,2
sub_guadalupe_substation_92_F0_B2,2
sub_guadalupe_substation_92_F0_B3,2
sub_guadalupe_substation_92_F0_B4,2
sub_guadalupe_substation_92_F0_B5,2
sub_guadalupe_substation_92_F1_B0,2
sub_guadalupe_substation_92_F1_B1,2
sub_guadalupe_substation_92_F1_B2,2
sub_guadalupe_substation_92_F1_B3,2
sub_guadalupe_substation_92_F1_B4,2
sub_guadalupe_substation_92_F1_B5,2
sub_guadalupe_substation_92_F2_B0,2
sub_guadalupe_substation_92_F2_B1,2
sub_guadalupe_substation_92_F2_B2,2
sub_guadalupe_substation_92_F2_B3,2
sub_guadalupe_substation_92_F2_B4,2
sub_guadalupe_substation_92_F2_B5,2
sub_guadalupe_substation_92_F3_B0,2
sub_guadalupe_substation_92_F3_B1,2
sub_guadalupe_substation_92_F3_B2,2
sub_guadalupe_substation_92_F3_B3,2
sub_guadalupe_substation_92_F3_B4,2
sub_guadalupe_substation_92_F3_B5,2
sub_camputhaw_substation_32_F0_B0,2
sub_camputhaw_substation_32_F0_B1,2
sub_camputhaw_substation_32_F0_B2,2
sub_camputhaw_substation_32_F0_B3,2
sub_camputhaw_substation_32_F0_B4,2
sub_camputhaw_substation_32_F0_B5,2
sub_camputhaw_substation_32_F1_B0,2
sub_camputhaw_substation_32_F1_B1,2
sub_camputhaw_substation_32_F1_B2,2
sub_camputhaw_substation_32_F1_B3,2
sub_camputhaw_substation_32_F1_B4,2
sub_camputhaw_substation_32_F1_B5,2
sub_camputhaw_substation_32_F2_B0,2
sub_camputhaw_substation_32_F2_B1,2
sub_camputhaw_substation_32_F2_B2,2
sub_camputhaw_substation_32_F2_B3,2
sub_camputhaw_substation_32_F2_B4,2
sub_camputhaw_substation_32_F2_B5,2
sub_camputhaw_substation_32_F3_B0,2
sub_camputhaw_substation_32_F3_B1,2
sub_camputhaw_substation_32_F3_B2,2
sub_camputhaw_substation_32_F3_B3,2
sub_camputhaw_substation_32_F3_B4,2
sub_camputhaw_substation_32_F3_B5,2
sub_cbp_substation_91_F0_B0,2
sub_cbp_substation_91_F0_B1,2
sub_cbp_substation_91_F0_B2,2
sub_cbp_substation_91_F0_B3,2
sub_cbp_substation_91_F0_B4,2
sub_cbp_substation_91_F0_B5,2
sub_cbp_substation_91_F1_B0,2
sub_cbp_substation_91_F1_B1,2
sub_cbp_substation_91_F1_B2,2
sub_cbp_substation_91_F1_B3,2
sub_cbp_substation_91_F1_B4,2
sub_cbp_substation_91_F1_B5,2
sub_cbp_substation_91_F2_B0,2
sub_cbp_substation_91_F2_B1,2
sub_cbp_substation_91_F2_B2,2
sub_cbp_substation_91_F2_B3,2
sub_cbp_substation_91_F2_B4,2
sub_cbp_substation_91_F2_B5,2
sub_cbp_substation_91_F3_B0,2
sub_cbp_substation_91_F3_B1,2
sub_cbp_substation_91_F3_B2,2
sub_cbp_substation_91_F3_B3,2
sub_cbp_substation_91_F3_B4,2
sub_cbp_substation_91_F3_B5,2
sub_bulacao_substation_93_F0_B0,2
sub_bulacao_substation_93_F0_B1,2
sub_bulacao_substation_93_F0_B2,2
sub_bulacao_substation_93_F0_B3,2
sub_bulacao_substation_93_F0_B4,2
sub_bulacao_substation_93_F0_B5,2
sub_bulacao_substation_93_F1_B0,2
sub_bulacao_substation_93_F1_B1,2
sub_bulacao_substation_93_F1_B2,2
sub_bulacao_substation_93_F1_B3,2
sub_bulacao_substation_93_F1_B4,2
sub_bulacao_substation_93_F1_B5,2
sub_bulacao_substation_93_F2_B0,2
sub_bulacao_substation_93_F2_B1,2
sub_bulacao_substation_93_F2_B2,2
sub_bulacao_substation_93_F2_B3,2
sub_bulacao_substation_93_F2_B4,2
sub_bulacao_substation_93_F2_B5,2
sub_bulacao_substation_93_F3_B0,2
sub_bulacao_substation_93_F3_B1,2
sub_bulacao_substation_93_F3_B2,2
sub_bulacao_substation_93_F3_B3,2
sub_bulacao_substation_93_F3_B4,2
sub_bulacao_substation_93_F3_B5,2
sub_cebeco_iii_8_F0_B0,0
sub_cebeco_iii_8_F0_B1,0
sub_cebeco_iii_8_F0_B2,0
sub_cebeco_iii_8_F0_B3,0
sub_cebeco_iii_8_F0_B4,0
sub_cebeco_iii_8_F0_B5,0
sub_cebeco_iii_8_F1_B0,0
sub_cebeco_iii_8_F1_B1,0
sub_cebeco_iii_8_F1_B2,0
sub_cebeco_iii_8_F1_B3,0
sub_cebeco_iii_8_F1_B4,0
sub_cebeco_iii_8_F1_B5,0
sub_cebeco_iii_8_F2_B0,0
sub_cebeco_iii_8_F2_B1,0
sub_cebeco_iii_8_F2_B2,0
sub_cebeco_iii_8_F2_B3,0
sub_cebeco_iii_8_F2_B4,0
sub_cebeco_iii_8_F2_B5,0
sub_cebeco_iii_8_F3_B0,0
sub_cebeco_iii_8_F3_B1,0
sub_cebeco_iii_8_F3_B2,0
sub_cebeco_iii_8_F3_B3,0
sub_cebeco_iii_8_F3_B4,0
sub_cebeco_iii_8_F3_B5,0
sub_ginatilan_substation_102_F0_B0,0
sub_ginatilan_substation_102_F0_B1,0
sub_ginatilan_substation_102_F0_B2,0
sub_ginatilan_substation_102_F0_B3,0
sub_ginatilan_substation_102_F0_B4,0
sub_ginatilan_substation_102_F0_B5,0
sub_ginatilan_substation_102_F2_B0,0
sub_ginatilan_substation_102_F2_B1,0
sub_ginatilan_substation_102_F2_B2,0
sub_ginatilan_substation_102_F2_B3,0
sub_ginatilan_substation_102_F2_B4,0
sub_ginatilan_substation_102_F2_B5,0
sub_ginatilan_substation_102_F3_B0,0
sub_ginatilan_substation_102_F3_B1,0
sub_ginatilan_substation_102_F3_B2,0
sub_ginatilan_substation_102_F3_B3,0
sub_ginatilan_substation_102_F3_B4,0
sub_ginatilan_substation_102_F3_B5,0
sub_talvera_cable_terminal_10_F0_B0,0
sub_talvera_cable_terminal_10_F0_B1,0
sub_talvera_cable_terminal_10_F0_B2,0
sub_talvera_cable_terminal_10_F0_B3,0
sub_talvera_cable_terminal_10_F0_B4,0
sub_talvera_cable_terminal_10_F0_B5,0
sub_talvera_cable_terminal_10_F1_B0,0
sub_talvera_cable_terminal_10_F1_B1,0
sub_talvera_cable_terminal_10_F2_B0,0
sub_talvera_cable_terminal_10_F2_B1,0
sub_talvera_cable_terminal_10_F2_B2,0
sub_talvera_cable_terminal_10_F2_B3,0
sub_talvera_cable_terminal_10_F2_B4,0
sub_talvera_cable_terminal_10_F2_B5,0
sub_talvera_cable_terminal_10_F3_B0,0
sub_talvera_cable_terminal_10_F3_B1,0
sub_talvera_cable_terminal_10_F3_B2,0
sub_talvera_cable_terminal_10_F3_B3,0
sub_talvera_cable_terminal_10_F3_B4,0
sub_talvera_cable_terminal_10_F3_B5,0
sub_osm_2_F0_B0,3
sub_osm_2_F0_B1,3
sub_osm_2_F0_B2,3
sub_osm_2_F0_B3,3
sub_osm_2_F0_B4,3
sub_osm_2_F0_B5,3
sub_osm_2_F1_B0,3
sub_osm_2_F1_B1,3
sub_osm_2_F1_B2,3
sub_osm_2_F1_B3,3
sub_osm_2_F1_B4,3
sub_osm_2_F1_B5,3
sub_osm_2_F2_B0,3
sub_osm_2_F2_B1,3
sub_osm_2_F2_B2,3
sub_osm_2_F2_B3,3
sub_osm_2_F2_B4,3
sub_osm_2_F2_B5,3
sub_osm_2_F3_B0,3
sub_osm_2_F3_B1,3
sub_osm_2_F3_B2,3
sub_osm_2_F3_B3,3
sub_osm_2_F3_B4,3
sub_osm_2_F3_B5,3
sub_lugo_load_end_substation_6_F0_B0,9
sub_lugo_load_end_substation_6_F0_B1,9
sub_lugo_load_end_substation_6_F0_B2,9
sub_lugo_load_end_substation_6_F0_B3,9
sub_lugo_load_end_substation_6_F0_B4,9
sub_lugo_load_end_substation_6_F0_B5,9
sub_lugo_load_end_substation_6_F1_B0,9
sub_lugo_load_end_substation_6_F1_B1,9
sub_lugo_load_end_substation_6_F1_B2,9
sub_lugo_load_end_substation_6_F1_B3,9
sub_lugo_load_end_substation_6_F1_B4,9
sub_lugo_load_end_substation_6_F1_B5,9
sub_lugo_load_end_substation_6_F2_B0,9
sub_lugo_load_end_substation_6_F2_B1,9
sub_lugo_load_end_substation_6_F2_B2,9
sub_lugo_load_end_substation_6_F2_B3,9
sub_lugo_load_end_substation_6_F2_B4,9
sub_lugo_load_end_substation_6_F2_B5,9
sub_lugo_load_end_substation_6_F3_B0,9
sub_lugo_load_end_substation_6_F3_B1,9
sub_lugo_load_end_substation_6_F3_B2,9
sub_lugo_load_end_substation_6_F3_B3,9
sub_lugo_load_end_substation_6_F3_B4,9
sub_lugo_load_end_substation_6_F3_B5,9
sub_osm_11_F0_B0,12
sub_osm_11_F0_B1,12
sub_osm_11_F0_B2,12
sub_osm_11_F0_B3,12
sub_osm_11_F0_B4,12
sub_osm_11_F0_B5,12
sub_osm_11_F1_B0,12
sub_osm_11_F1_B1,12
sub_osm_11_F1_B2,12
sub_osm_11_F1_B3,12
sub_osm_11_F1_B4,12
sub_osm_11_F1_B5,12
sub_osm_11_F2_B0,12
sub_osm_11_F2_B1,12
sub_osm_11_F2_B2,12
sub_osm_11_F2_B3,12
sub_osm_11_F2_B4,12
sub_osm_11_F2_B5,12
sub_osm_11_F3_B0,12
sub_osm_11_F3_B1,12
sub_osm_11_F3_B2,12
sub_osm_11_F3_B3,12
sub_osm_11_F3_B4,12
sub_osm_11_F3_B5,12
sub_osm_22_F0_B0,15
sub_osm_22_F0_B1,15
sub_osm_22_F0_B2,15
sub_osm_22_F0_B3,15
sub_osm_22_F0_B4,15
sub_osm_22_F0_B5,15
sub_osm_22_F1_B0,15
sub_osm_22_F1_B1,15
sub_osm_22_F1_B2,15
sub_osm_22_F1_B3,15
sub_osm_22_F1_B4,15
sub_osm_22_F1_B5,15
sub_osm_22_F2_B0,15
sub_osm_22_F2_B1,15
sub_osm_22_F2_B2,15
sub_osm_22_F2_B3,15
sub_osm_22_F2_B4,15
sub_osm_22_F2_B5,15
sub_osm_22_F3_B0,15
sub_osm_22_F3_B1,15
sub_osm_22_F3_B2,15
sub_osm_22_F3_B3,15
sub_osm_22_F3_B4,15
sub_osm_22_F3_B5,15
sub_medellin_load_end_substation_23_F0_B0,4
sub_medellin_load_end_substation_23_F0_B1,4
sub_medellin_load_end_substation_23_F0_B2,4
sub_medellin_load_end_substation_23_F0_B3,4
sub_medellin_load_end_substation_23_F0_B4,4
sub_medellin_load_end_substation_23_F1_B0,4
sub_medellin_load_end_substation_23_F1_B1,4
sub_medellin_load_end_substation_23_F1_B2,4
sub_medellin_load_end_substation_23_F1_B3,4
sub_medellin_load_end_substation_23_F1_B4,4
sub_medellin_load_end_substation_23_F1_B5,4
sub_medellin_load_end_substation_23_F2_B0,4
sub_medellin_load_end_substation_23_F2_B1,4
sub_medellin_load_end_substation_23_F2_B2,4
sub_medellin_load_end_substation_23_F2_B3,4
sub_medellin_load_end_substation_23_F2_B4,4
sub_medellin_load_end_substation_23_F2_B5,4
sub_medellin_load_end_substation_23_F3_B0,4
sub_medellin_load_end_substation_23_F3_B1,4
sub_medellin_load_end_substation_23_F3_B2,4
sub_medellin_load_end_substation_23_F3_B3,4
sub_medellin_load_end_substation_23_F3_B4,4
sub_medellin_load_end_substation_23_F3_B5,4
sub_osm_46_F0_B0,51
sub_osm_46_F0_B1,51
sub_osm_46_F0_B2,51
sub_osm_46_F1_B0,51
sub_osm_46_F1_B1,51
sub_osm_46_F1_B2,51
sub_osm_46_F1_B3,51
sub_osm_46_F1_B4,51
sub_osm_46_F1_B5,51
sub_osm_46_F2_B0,51
sub_osm_46_F2_B1,51
sub_osm_46_F2_B2,51
sub_osm_46_F2_B3,51
sub_osm_46_F2_B4,51
sub_osm_46_F2_B5,51
sub_osm_46_F3_B0,51
sub_osm_46_F3_B1,51
sub_osm_46_F3_B2,51
sub_ngcp_substation_49_F0_B0,34
sub_ngcp_substation_49_F0_B1,34
sub_ngcp_substation_49_F0_B2,34
sub_ngcp_substation_49_F0_B3,34
sub_ngcp_substation_49_F0_B4,34
sub_ngcp_substation_49_F0_B5,34
sub_ngcp_substation_49_F1_B0,34
sub_ngcp_substation_49_F1_B1,34
sub_ngcp_substation_49_F1_B2,34
sub_ngcp_substation_49_F1_B3,34
sub_ngcp_substation_49_F1_B4,34
sub_ngcp_substation_49_F1_B5,34
sub_ngcp_substation_49_F2_B0,34
sub_ngcp_substation_49_F2_B1,34
sub_ngcp_substation_49_F2_B2,34
sub_ngcp_substation_49_F2_B3,34
sub_ngcp_substation_49_F2_B4,34
sub_ngcp_substation_49_F2_B5,34
sub_ngcp_substation_49_F3_B0,34
sub_ngcp_substation_49_F3_B1,34
sub_ngcp_substation_49_F3_B2,34
sub_ngcp_substation_49_F3_B3,34
sub_ngcp_substation_49_F3_B4,34
sub_carcar_substation_65_F0_B0,21
sub_carcar_substation_65_F0_B1,21
sub_carcar_substation_65_F0_B2,21
sub_carcar_substation_65_F0_B3,21
sub_carcar_substation_65_F0_B4,21
sub_carcar_substation_65_F0_B5,21
sub_carcar_substation_65_F1_B0,21
sub_carcar_substation_65_F1_B1,21
sub_carcar_substation_65_F1_B2,21
sub_carcar_substation_65_F1_B3,21
sub_carcar_substation_65_F1_B4,21
sub_carcar_substation_65_F1_B5,21
sub_carcar_substation_65_F2_B0,21
sub_carcar_substation_65_F2_B1,21
sub_carcar_substation_65_F2_B2,21
sub_carcar_substation_65_F2_B3,21
sub_carcar_substation_65_F2_B4,21
sub_carcar_substation_65_F2_B5,21
sub_carcar_substation_65_F3_B0,21
sub_carcar_substation_65_F3_B1,21
sub_carcar_substation_65_F3_B2,21
sub_carcar_substation_65_F3_B3,21
sub_carcar_substation_65_F3_B4,21
sub_carcar_substation_65_F3_B5,21
sub_osm_77_F0_B0,22
sub_osm_77_F0_B1,22
sub_osm_77_F0_B2,22
sub_osm_77_F0_B3,22
sub_osm_77_F0_B4,22
sub_osm_77_F0_B5,22
sub_osm_77_F1_B0,22
sub_osm_77_F1_B1,22
sub_osm_77_F1_B2,22
sub_osm_77_F1_B3,22
sub_osm_77_F1_B4,22
sub_osm_77_F1_B5,22
sub_osm_77_F2_B0,22
sub_osm_77_F2_B1,22
sub_osm_77_F2_B2,22
sub_osm_77_F2_B3,22
sub_osm_77_F2_B4,22
sub_osm_77_F2_B5,22
sub_osm_77_F3_B0,22
sub_osm_77_F3_B1,22
sub_osm_77_F3_B2,22
sub_osm_77_F3_B3,22
sub_osm_77_F3_B4,22
sub_osm_77_F3_B5,22
sub_osm_87_F0_B0,25
sub_osm_87_F0_B1,25
sub_osm_87_F0_B2,25
sub_osm_87_F0_B3,25
sub_osm_87_F0_B4,25
sub_osm_87_F0_B5,25
sub_osm_87_F1_B0,25
sub_osm_87_F1_B1,25
sub_osm_87_F1_B2,25
sub_osm_87_F1_B3,25
sub_osm_87_F1_B4,25
sub_osm_87_F1_B5,25
sub_osm_87_F2_B0,25
sub_osm_87_F2_B1,25
sub_osm_87_F2_B2,25
sub_osm_87_F2_B3,25
sub_osm_87_F2_B4,25
sub_osm_87_F2_B5,25
sub_osm_87_F3_B0,25
sub_osm_87_F3_B1,25
sub_osm_87_F3_B2,25
sub_osm_87_F3_B3,25
sub_osm_87_F3_B4,25
sub_osm_87_F3_B5,25
sub_cebu_cable_terminal_88_F0_B0,26
sub_cebu_cable_terminal_88_F0_B1,26
sub_cebu_cable_terminal_88_F0_B2,26
sub_cebu_cable_terminal_88_F0_B3,26
sub_cebu_cable_terminal_88_F0_B4,26
sub_cebu_cable_terminal_88_F0_B5,26
sub_cebu_cable_terminal_88_F1_B0,26
sub_cebu_cable_terminal_88_F1_B1,26
sub_cebu_cable_terminal_88_F1_B2,26
sub_cebu_cable_terminal_88_F1_B3,26
sub_cebu_cable_terminal_88_F1_B4,26
sub_cebu_cable_terminal_88_F1_B5,26
sub_cebu_cable_terminal_88_F2_B0,26
sub_cebu_cable_terminal_88_F2_B1,26
sub_cebu_cable_terminal_88_F2_B2,26
sub_cebu_cable_terminal_88_F2_B3,26
sub_cebu_cable_terminal_88_F2_B4,26
sub_cebu_cable_terminal_88_F2_B5,26
sub_cebu_cable_terminal_88_F3_B0,26
sub_cebu_cable_terminal_88_F3_B1,26
sub_cebu_cable_terminal_88_F3_B2,26
sub_cebu_cable_terminal_88_F3_B3,26
sub_cebu_cable_terminal_88_F3_B4,26
sub_cebu_cable_terminal_88_F3_B5,26
sub_osm_110_F0_B0,29
sub_osm_110_F0_B1,29
sub_osm_110_F0_B2,29
sub_osm_110_F0_B3,29
sub_osm_110_F0_B4,29
sub_osm_110_F0_B5,29
sub_osm_110_F1_B0,29
sub_osm_110_F1_B1,29
sub_osm_110_F1_B2,29
sub_osm_110_F1_B3,29
sub_osm_110_F1_B4,29
sub_osm_110_F1_B5,29
sub_osm_110_F2_B0,29
sub_osm_110_F2_B1,29
sub_osm_110_F2_B2,29
sub_osm_110_F2_B3,29
sub_osm_110_F2_B4,29
sub_osm_110_F2_B5,29
sub_osm_110_F3_B0,29
sub_osm_110_F3_B1,29
sub_osm_110_F3_B2,29
sub_osm_110_F3_B3,29
sub_osm_110_F3_B4,29
sub_osm_110_F3_B5,29
sub_pajo_load_end_substation_118_F0_B0,30
sub_pajo_load_end_substation_118_F0_B1,30
sub_pajo_load_end_substation_118_F0_B2,30
sub_pajo_load_end_substation_118_F0_B3,30
sub_pajo_load_end_substation_118_F0_B4,30
sub_pajo_load_end_substation_118_F0_B5,30
sub_pajo_load_end_substation_118_F1_B0,30
sub_pajo_load_end_substation_118_F1_B1,30
sub_pajo_load_end_substation_118_F1_B2,30
sub_pajo_load_end_substation_118_F1_B3,30
sub_pajo_load_end_substation_118_F1_B4,30
sub_pajo_load_end_substation_118_F1_B5,30
sub_pajo_load_end_substation_118_F2_B0,30
sub_pajo_load_end_substation_118_F2_B1,30
sub_pajo_load_end_substation_118_F2_B2,30
sub_pajo_load_end_substation_118_F2_B3,30
sub_pajo_load_end_substation_118_F2_B4,30
sub_pajo_load_end_substation_118_F2_B5,30
sub_pajo_load_end_substation_118_F3_B0,30
sub_pajo_load_end_substation_118_F3_B1,30
sub_pajo_load_end_substation_118_F3_B2,30
sub_pajo_load_end_substation_118_F3_B3,30
sub_pajo_load_end_substation_118_F3_B4,30
sub_pajo_load_end_substation_118_F3_B5,30
v1_05cebu_F0_B0,3
v1_05cebu_F0_B1,3
v1_05cebu_F0_B2,3
v1_05cebu_F0_B3,3
v1_05cebu_F0_B4,3
v1_05cebu_F0_B5,3
v1_05cebu_F1_B0,3
v1_05cebu_F1_B1,3
v1_05cebu_F1_B2,3
v1_05cebu_F1_B3,3
v1_05cebu_F1_B4,3
v1_05cebu_F1_B5,3
v1_05cebu_F2_B0,3
v1_05cebu_F2_B1,3
v1_05cebu_F2_B2,3
v1_05cebu_F2_B3,3
v1_05cebu_F2_B4,3
v1_05cebu_F2_B5,3
v1_05cebu_F3_B0,3
v1_05cebu_F3_B1,3
v1_05cebu_F3_B2,3
v1_05cebu_F3_B3,3
v1_05cebu_F3_B4,3
v1_05cebu_F3_B5,3
v1_05daanbntay_F0_B0,4
v1_05daanbntay_F0_B1,4
v1_05daanbntay_F0_B2,4
v1_05daanbntay_F0_B3,4
v1_05daanbntay_F0_B4,4
v1_05daanbntay_F0_B5,4
v1_05daanbntay_F1_B0,4
v1_05daanbntay_F1_B1,4
v1_05daanbntay_F1_B2,4
v1_05daanbntay_F1_B3,4
v1_05daanbntay_F1_B4,4
v1_05daanbntay_F1_B5,4
v1_05daanbntay_F2_B0,4
v1_05daanbntay_F3_B0,4
v1_05daanbntay_F3_B1,4
v1_05daanbntay_F3_B2,4
v1_05daanbntay_F3_B3,4
v1_05daanbntay_F3_B4,4
v1_05daanbntay_F3_B5,4
v1_05naga_F0_B0,0
v1_05naga_F0_B1,0
v1_05naga_F0_B2,0
v1_05naga_F0_B3,0
v1_05naga_F0_B4,0
v1_05naga_F0_B5,0
v1_05naga_F1_B0,0
v1_05naga_F1_B1,0
v1_05naga_F1_B2,0
v1_05naga_F1_B3,0
v1_05naga_F1_B4,0
v1_05naga_F1_B5,0
v1_05naga_F2_B0,0
v1_05naga_F2_B1,0
v1_05naga_F2_B2,0
v1_05naga_F2_B3,0
v1_05naga_F2_B4,0
v1_05naga_F2_B5,0
v1_05naga_F3_B0,0
v1_05naga_F3_B1,0
v1_05naga_F3_B2,0
v1_05naga_F3_B3,0
v1_05naga_F3_B4,0
v1_05naga_F3_B5,0
v1_05therma_F0_B0,0
v1_05therma_F0_B1,0
v1_05therma_F0_B2,0
v1_05therma_F0_B3,0
v1_05therma_F0_B4,0
v1_05therma_F0_B5,0
v1_05therma_F1_B0,0
v1_05therma_F1_B1,0
v1_05therma_F2_B0,0
v1_05therma_F2_B1,0
v1_05therma_F2_B2,0
v1_05therma_F2_B3,0
v1_05therma_F2_B4,0
v1_05therma_F2_B5,0
v1_05therma_F3_B0,0
v1_05therma_F3_B1,0
v1_05therma_F3_B2,0
v1_05therma_F3_B3,0
v1_05therma_F3_B4,0
v1_05therma_F3_B5,0
v1_08bvista_F0_B0,1
v1_08bvista_F0_B1,1
v1_08bvista_F0_B2,1
v1_08bvista_F0_B3,1
v1_08bvista_F1_B0,1
v1_08bvista_F1_B1,1
v1_08bvista_F1_B2,1
v1_08bvista_F1_B3,1
v1_08bvista_F2_B0,1
v1_08bvista_F2_B1,1
v1_08bvista_F2_B2,1
v1_08bvista_F2_B3,1
v1_08bvista_F2_B4,1
v1_08bvista_F2_B5,1
v1_08bvista_F3_B0,1
v1_08bvista_F3_B1,1
v1_08bvista_F3_B2,1
v1_08bvista_F3_B3,1
v1_08bvista_F3_B4,1
v1_08bvista_F3_B5,1
sub_tabango_substation_57_F0_B0,0
sub_tabango_substation_57_F0_B1,0
sub_tabango_substation_57_F0_B2,0
sub_tabango_substation_57_F0_B3,0
sub_tabango_substation_57_F0_B4,0
sub_tabango_substation_57_F0_B5,0
sub_tabango_substation_57_F1_B0,0
sub_tabango_substation_57_F1_B1,0
sub_tabango_substation_57_F1_B2,0
sub_tabango_substation_57_F1_B3,0
sub_tabango_substation_57_F1_B4,0
sub_tabango_substation_57_F1_B5,0
sub_tabango_substation_57_F3_B0,0
sub_tabango_substation_57_F3_B1,0
sub_tabango_substation_57_F3_B2,0
sub_tabango_substation_57_F3_B3,0
sub_tabango_substation_57_F3_B4,0
sub_tabango_substation_57_F3_B5,0
sub_osm_13_F0_B0,5
sub_osm_13_F0_B1,5
sub_osm_13_F0_B2,5
sub_osm_13_F0_B3,5
sub_osm_13_F0_B4,5
sub_osm_13_F0_B5,5
sub_osm_13_F1_B0,5
sub_osm_13_F1_B1,5
sub_osm_13_F1_B2,5
sub_osm_13_F1_B3,5
sub_osm_13_F1_B4,5
sub_osm_13_F1_B5,5
sub_osm_13_F2_B0,5
sub_osm_13_F2_B1,5
sub_osm_13_F2_B2,5
sub_osm_13_F2_B3,5
sub_osm_13_F2_B4,5
sub_osm_13_F2_B5,5
sub_osm_13_F3_B0,5
sub_osm_13_F3_B1,5
sub_osm_13_F3_B2,5
sub_osm_13_F3_B3,5
sub_osm_13_F3_B4,5
sub_osm_13_F3_B5,5
sub_milagro_substation_104_F0_B0,0
sub_milagro_substation_104_F0_B1,0
sub_milagro_substation_104_F0_B2,0
sub_milagro_substation_104_F0_B3,0
sub_milagro_substation_104_F0_B4,0
sub_milagro_substation_104_F0_B5,0
sub_milagro_substation_104_F1_B0,0
sub_milagro_substation_104_F1_B1,0
sub_milagro_substation_104_F1_B2,0
sub_milagro_substation_104_F1_B3,0
sub_milagro_substation_104_F1_B4,0
sub_milagro_substation_104_F1_B5,0
sub_milagro_substation_104_F2_B0,0
sub_milagro_substation_104_F2_B1,0
sub_milagro_substation_104_F2_B2,0
sub_milagro_substation_104_F2_B3,0
sub_milagro_substation_104_F2_B4,0
sub_milagro_substation_104_F2_B5,0
sub_milagro_substation_104_F3_B0,0
sub_milagro_substation_104_F3_B1,0
sub_milagro_substation_104_F3_B2,0
sub_milagro_substation_104_F3_B3,0
sub_milagro_substation_104_F3_B4,0
sub_milagro_substation_104_F3_B5,0
sub_babatngon_substation_20_F0_B0,0
sub_babatngon_substation_20_F0_B1,0
sub_babatngon_substation_20_F0_B2,0
sub_babatngon_substation_20_F0_B3,0
sub_babatngon_substation_20_F1_B0,0
sub_babatngon_substation_20_F1_B1,0
sub_babatngon_substation_20_F1_B2,0
sub_babatngon_substation_20_F1_B3,0
sub_babatngon_substation_20_F1_B4,0
sub_babatngon_substation_20_F1_B5,0
sub_babatngon_substation_20_F2_B0,0
sub_babatngon_substation_20_F2_B1,0
sub_babatngon_substation_20_F2_B2,0
sub_babatngon_substation_20_F2_B3,0
sub_babatngon_substation_20_F2_B4,0
sub_babatngon_substation_20_F2_B5,0
sub_babatngon_substation_20_F3_B0,0
sub_babatngon_substation_20_F3_B1,0
sub_babatngon_substation_20_F3_B2,0
sub_babatngon_substation_20_F3_B3,0
sub_babatngon_substation_20_F3_B4,0
sub_babatngon_substation_20_F3_B5,0
sub_osm_55_F0_B0,0
sub_osm_55_F0_B1,0
sub_osm_55_F0_B2,0
sub_osm_55_F0_B3,0
sub_osm_55_F0_B4,0
sub_osm_55_F0_B5,0
sub_osm_55_F1_B0,0
sub_osm_55_F1_B1,0
sub_osm_55_F1_B2,0
sub_osm_55_F1_B3,0
sub_osm_55_F1_B4,0
sub_osm_55_F1_B5,0
sub_osm_55_F2_B0,0
sub_osm_55_F2_B1,0
sub_osm_55_F2_B2,0
sub_osm_55_F2_B3,0
sub_osm_55_F2_B4,0
sub_osm_55_F2_B5,0
sub_osm_55_F3_B0,0
sub_osm_55_F3_B1,0
sub_osm_55_F3_B2,0
sub_osm_55_F3_B3,0
sub_osm_55_F3_B4,0
sub_osm_55_F3_B5,0
sub_javier_substation_9_F0_B0,11
sub_javier_substation_9_F0_B1,11
sub_javier_substation_9_F0_B2,11
sub_javier_substation_9_F0_B3,11
sub_javier_substation_9_F0_B4,11
sub_javier_substation_9_F0_B5,11
sub_javier_substation_9_F1_B0,11
sub_javier_substation_9_F1_B1,11
sub_javier_substation_9_F1_B2,11
sub_javier_substation_9_F1_B3,11
sub_javier_substation_9_F1_B4,11
sub_javier_substation_9_F1_B5,11
sub_javier_substation_9_F2_B0,11
sub_javier_substation_9_F2_B1,11
sub_javier_substation_9_F2_B2,11
sub_javier_substation_9_F2_B3,11
sub_javier_substation_9_F2_B4,11
sub_javier_substation_9_F2_B5,11
sub_javier_substation_9_F3_B0,11
sub_javier_substation_9_F3_B1,11
sub_javier_substation_9_F3_B2,11
sub_javier_substation_9_F3_B3,11
sub_javier_substation_9_F3_B4,11
sub_javier_substation_9_F3_B5,11
sub_osm_21_F0_B0,14
sub_osm_21_F0_B1,14
sub_osm_21_F0_B2,14
sub_osm_21_F0_B3,14
sub_osm_21_F0_B4,14
sub_osm_21_F0_B5,14
sub_osm_21_F1_B0,14
sub_osm_21_F1_B1,14
sub_osm_21_F1_B2,14
sub_osm_21_F1_B3,14
sub_osm_21_F1_B4,14
sub_osm_21_F1_B5,14
sub_osm_21_F2_B0,14
sub_osm_21_F2_B1,14
sub_osm_21_F2_B2,14
sub_osm_21_F2_B3,14
sub_osm_21_F2_B4,14
sub_osm_21_F2_B5,14
sub_osm_21_F3_B0,14
sub_osm_21_F3_B1,14
sub_osm_21_F3_B2,14
sub_osm_21_F3_B3,14
sub_osm_21_F3_B4,14
sub_osm_21_F3_B5,14
sub_osm_25_F0_B0,16
sub_osm_25_F0_B1,16
sub_osm_25_F0_B2,16
sub_osm_25_F0_B3,16
sub_osm_25_F0_B4,16
sub_osm_25_F0_B5,16
sub_osm_25_F1_B0,16
sub_osm_25_F1_B1,16
sub_osm_25_F1_B2,16
sub_osm_25_F1_B3,16
sub_osm_25_F1_B4,16
sub_osm_25_F1_B5,16
sub_osm_25_F2_B0,16
sub_osm_25_F2_B1,16
sub_osm_25_F2_B2,16
sub_osm_25_F2_B3,16
sub_osm_25_F2_B4,16
sub_osm_25_F2_B5,16
sub_osm_25_F3_B0,16
sub_osm_25_F3_B1,16
sub_osm_25_F3_B2,16
sub_osm_25_F3_B3,16
sub_osm_25_F3_B4,16
sub_osm_25_F3_B5,16
sub_osm_26_F0_B0,46
sub_osm_26_F0_B1,46
sub_osm_26_F0_B2,46
sub_osm_26_F0_B3,46
sub_osm_26_F0_B4,46
sub_osm_26_F0_B5,46
sub_osm_26_F1_B0,46
sub_osm_26_F1_B1,46
sub_osm_26_F1_B2,46
sub_osm_26_F1_B3,46
sub_osm_26_F1_B4,46
sub_osm_26_F1_B5,46
sub_osm_26_F2_B0,46
sub_osm_26_F3_B0,46
sub_osm_26_F3_B1,46
sub_osm_26_F3_B2,46
sub_osm_26_F3_B3,46
sub_osm_26_F3_B4,46
sub_osm_26_F3_B5,46
sub_don_orestes_romualdez_electric_cooperative_inc_substation_41_F0_B0,50
sub_don_orestes_romualdez_electric_cooperative_inc_substation_41_F0_B1,50
sub_don_orestes_romualdez_electric_cooperative_inc_substation_41_F0_B2,50
sub_don_orestes_romualdez_electric_cooperative_inc_substation_41_F0_B3,50
sub_don_orestes_romualdez_electric_cooperative_inc_substation_41_F0_B4,50
sub_don_orestes_romualdez_electric_cooperative_inc_substation_41_F0_B5,50
sub_don_orestes_romualdez_electric_cooperative_inc_substation_41_F1_B0,50
sub_don_orestes_romualdez_electric_cooperative_inc_substation_41_F1_B1,50
sub_don_orestes_romualdez_electric_cooperative_inc_substation_41_F1_B2,50
sub_don_orestes_romualdez_electric_cooperative_inc_substation_41_F1_B3,50
sub_don_orestes_romualdez_electric_cooperative_inc_substation_41_F1_B4,50
sub_don_orestes_romualdez_electric_cooperative_inc_substation_41_F1_B5,50
sub_don_orestes_romualdez_electric_cooperative_inc_substation_41_F2_B0,50
sub_don_orestes_romualdez_electric_cooperative_inc_substation_41_F2_B1,50
sub_don_orestes_romualdez_electric_cooperative_inc_substation_41_F2_B2,50
sub_don_orestes_romualdez_electric_cooperative_inc_substation_41_F2_B3,50
sub_don_orestes_romualdez_electric_cooperative_inc_substation_41_F2_B4,50
sub_don_orestes_romualdez_electric_cooperative_inc_substation_41_F2_B5,50
sub_abucay_substation_42_F0_B0,41
sub_abucay_substation_42_F0_B1,41
sub_abucay_substation_42_F1_B0,41
sub_abucay_substation_42_F1_B1,41
sub_abucay_substation_42_F1_B2,41
sub_abucay_substation_42_F1_B3,41
sub_abucay_substation_42_F1_B4,41
sub_abucay_substation_42_F1_B5,41
sub_abucay_substation_42_F2_B0,41
sub_abucay_substation_42_F2_B1,41
sub_abucay_substation_42_F2_B2,41
sub_abucay_substation_42_F2_B3,41
sub_abucay_substation_42_F2_B4,41
sub_abucay_substation_42_F2_B5,41
sub_abucay_substation_42_F3_B0,41
sub_abucay_substation_42_F3_B1,41
sub_abucay_substation_42_F3_B2,41
sub_abucay_substation_42_F3_B3,41
sub_abucay_substation_42_F3_B4,41
sub_abucay_substation_42_F3_B5,41
sub_pnp_43_F0_B0,35
sub_pnp_43_F0_B1,35
sub_pnp_43_F0_B2,35
sub_pnp_43_F0_B3,35
sub_pnp_43_F1_B0,35
sub_pnp_43_F1_B1,35
sub_pnp_43_F1_B2,35
sub_pnp_43_F1_B3,35
sub_pnp_43_F1_B4,35
sub_pnp_43_F1_B5,35
sub_pnp_43_F2_B0,35
sub_pnp_43_F2_B1,35
sub_pnp_43_F2_B2,35
sub_pnp_43_F2_B3,35
sub_pnp_43_F2_B4,35
sub_pnp_43_F2_B5,35
sub_pnp_43_F3_B0,35
sub_pnp_43_F3_B1,35
sub_pnp_43_F3_B2,35
sub_pnp_43_F3_B3,35
sub_pnp_43_F3_B4,35
sub_pnp_43_F3_B5,35
sub_maharlika_substation_50_F0_B0,20
sub_maharlika_substation_50_F0_B1,20
sub_maharlika_substation_50_F0_B2,20
sub_maharlika_substation_50_F0_B3,20
sub_maharlika_substation_50_F0_B4,20
sub_maharlika_substation_50_F0_B5,20
sub_maharlika_substation_50_F1_B0,20
sub_maharlika_substation_50_F1_B1,20
sub_maharlika_substation_50_F1_B2,20
sub_maharlika_substation_50_F1_B3,20
sub_maharlika_substation_50_F1_B4,20
sub_maharlika_substation_50_F1_B5,20
sub_maharlika_substation_50_F2_B0,20
sub_maharlika_substation_50_F2_B1,20
sub_maharlika_substation_50_F2_B2,20
sub_maharlika_substation_50_F2_B3,20
sub_maharlika_substation_50_F2_B4,20
sub_maharlika_substation_50_F2_B5,20
sub_maharlika_substation_50_F3_B0,20
sub_maharlika_substation_50_F3_B1,20
sub_maharlika_substation_50_F3_B2,20
sub_maharlika_substation_50_F3_B3,20
sub_maharlika_substation_50_F3_B4,20
sub_maharlika_substation_50_F3_B5,20
sub_ormoc_solar_farm_106_F0_B0,28
sub_ormoc_solar_farm_106_F0_B1,28
sub_ormoc_solar_farm_106_F0_B2,28
sub_ormoc_solar_farm_106_F0_B3,28
sub_ormoc_solar_farm_106_F0_B4,28
sub_ormoc_solar_farm_106_F0_B5,28
sub_ormoc_solar_farm_106_F1_B0,28
sub_ormoc_solar_farm_106_F1_B1,28
sub_ormoc_solar_farm_106_F1_B2,28
sub_ormoc_solar_farm_106_F1_B3,28
sub_ormoc_solar_farm_106_F1_B4,28
sub_ormoc_solar_farm_106_F1_B5,28
sub_ormoc_solar_farm_106_F2_B0,28
sub_ormoc_solar_farm_106_F2_B1,28
sub_ormoc_solar_farm_106_F2_B2,28
sub_ormoc_solar_farm_106_F2_B3,28
sub_ormoc_solar_farm_106_F2_B4,28
sub_ormoc_solar_farm_106_F2_B5,28
sub_ormoc_solar_farm_106_F3_B0,28
sub_ormoc_solar_farm_106_F3_B1,28
sub_ormoc_solar_farm_106_F3_B2,28
sub_ormoc_solar_farm_106_F3_B3,28
sub_ormoc_solar_farm_106_F3_B4,28
sub_ormoc_solar_farm_106_F3_B5,28
sub_mayorga_substation_111_F0_B0,45
sub_mayorga_substation_111_F0_B1,45
sub_mayorga_substation_111_F0_B2,45
sub_mayorga_substation_111_F0_B3,45
sub_mayorga_substation_111_F0_B4,45
sub_mayorga_substation_111_F0_B5,45
sub_mayorga_substation_111_F1_B0,45
sub_mayorga_substation_111_F1_B1,45
sub_mayorga_substation_111_F1_B2,45
sub_mayorga_substation_111_F1_B3,45
sub_mayorga_substation_111_F1_B4,45
sub_mayorga_substation_111_F1_B5,45
sub_mayorga_substation_111_F2_B0,45
sub_mayorga_substation_111_F2_B1,45
sub_mayorga_substation_111_F2_B2,45
sub_mayorga_substation_111_F2_B3,45
sub_mayorga_substation_111_F2_B4,45
sub_mayorga_substation_111_F2_B5,45
sub_mayorga_substation_111_F3_B0,45
sub_mayorga_substation_111_F3_B1,45
sub_albuera_electrode_station_114_F0_B0,0
sub_albuera_electrode_station_114_F0_B1,0
sub_albuera_electrode_station_114_F0_B2,0
sub_albuera_electrode_station_114_F0_B3,0
sub_albuera_electrode_station_114_F0_B4,0
sub_albuera_electrode_station_114_F0_B5,0
sub_albuera_electrode_station_114_F1_B0,0
sub_albuera_electrode_station_114_F1_B1,0
sub_albuera_electrode_station_114_F1_B2,0
sub_albuera_electrode_station_114_F1_B3,0
sub_albuera_electrode_station_114_F1_B4,0
sub_albuera_electrode_station_114_F1_B5,0
sub_albuera_electrode_station_114_F3_B0,0
sub_albuera_electrode_station_114_F3_B1,0
sub_albuera_electrode_station_114_F3_B2,0
sub_albuera_electrode_station_114_F3_B3,0
sub_albuera_electrode_station_114_F3_B4,0
sub_albuera_electrode_station_114_F3_B5,0
sub_sagkahan_substation_115_F0_B0,37
sub_sagkahan_substation_115_F0_B1,37
sub_sagkahan_substation_115_F0_B2,37
sub_sagkahan_substation_115_F0_B3,37
sub_sagkahan_substation_115_F0_B4,37
sub_sagkahan_substation_115_F0_B5,37
sub_sagkahan_substation_115_F1_B0,37
sub_sagkahan_substation_115_F1_B1,37
sub_sagkahan_substation_115_F1_B2,37
sub_sagkahan_substation_115_F1_B3,37
sub_sagkahan_substation_115_F1_B4,37
sub_sagkahan_substation_115_F1_B5,37
sub_sagkahan_substation_115_F2_B0,37
sub_sagkahan_substation_115_F2_B1,37
sub_sagkahan_substation_115_F2_B2,37
sub_sagkahan_substation_115_F2_B3,37
sub_sagkahan_substation_115_F2_B4,37
sub_sagkahan_substation_115_F2_B5,37
sub_sagkahan_substation_115_F3_B0,37
sub_sagkahan_substation_115_F3_B1,37
sub_sagkahan_substation_115_F3_B2,37
sub_sagkahan_substation_115_F3_B3,37
v1_04babatngn_F0_B0,0
v1_04babatngn_F0_B1,0
v1_04babatngn_F0_B2,0
v1_04babatngn_F0_B3,0
v1_04babatngn_F0_B4,0
v1_04babatngn_F0_B5,0
v1_04babatngn_F1_B0,0
v1_04babatngn_F1_B1,0
v1_04babatngn_F1_B2,0
v1_04babatngn_F1_B3,0
v1_04babatngn_F1_B4,0
v1_04babatngn_F1_B5,0
v1_04babatngn_F2_B0,0
v1_04babatngn_F2_B1,0
v1_04babatngn_F2_B2,0
v1_04babatngn_F2_B3,0
v1_04babatngn_F2_B4,0
v1_04babatngn_F2_B5,0
v1_04babatngn_F3_B0,0
v1_04babatngn_F3_B1,0
v1_04babatngn_F3_B2,0
v1_04babatngn_F3_B3,0
v1_04babatngn_F3_B4,0
v1_04babatngn_F3_B5,0
v1_04kananga_F0_B0,0
v1_04kananga_F0_B1,0
v1_04kananga_F0_B2,0
v1_04kananga_F0_B3,0
v1_04kananga_F0_B4,0
v1_04kananga_F0_B5,0
v1_04kananga_F1_B0,0
v1_04kananga_F1_B1,0
v1_04kananga_F1_B2,0
v1_04kananga_F1_B3,0
v1_04kananga_F1_B4,0
v1_04kananga_F1_B5,0
v1_04kananga_F2_B0,0
v1_04kananga_F2_B1,0
v1_04kananga_F2_B2,0
v1_04kananga_F2_B3,0
v1_04kananga_F2_B4,0
v1_04kananga_F2_B5,0
v1_04kananga_F3_B0,0
v1_04kananga_F3_B1,0
v1_04kananga_F3_B2,0
v1_04kananga_F3_B3,0
v1_04kananga_F3_B4,0
v1_04kananga_F3_B5,0
v1_04tongona_F0_B0,0
v1_04tongona_F0_B1,0
v1_04tongona_F0_B2,0
v1_04tongona_F0_B3,0
v1_04tongona_F0_B4,0
v1_04tongona_F0_B5,0
v1_04tongona_F1_B0,0
v1_04tongona_F1_B1,0
v1_04tongona_F1_B2,0
v1_04tongona_F1_B3,0
v1_04tongona_F1_B4,0
v1_04tongona_F1_B5,0
v1_04tongona_F2_B0,0
v1_04tongona_F2_B1,0
v1_04tongona_F2_B2,0
v1_04tongona_F2_B3,0
v1_04tongona_F2_B4,0
v1_04tongona_F2_B5,0
v1_04tongona_F3_B0,0
v1_04tongona_F3_B1,0
v1_04tongona_F3_B2,0
v1_04tongona_F3_B3,0
v1_04tongona_F3_B4,0
v1_04tongona_F3_B5,0
sub_cadiz_substation_56_F0_B0,0
sub_cadiz_substation_56_F0_B1,0
sub_cadiz_substation_56_F0_B2,0
sub_cadiz_substation_56_F0_B3,0
sub_cadiz_substation_56_F0_B4,0
sub_cadiz_substation_56_F0_B5,0
sub_cadiz_substation_56_F1_B0,0
sub_cadiz_substation_56_F1_B1,0
sub_cadiz_substation_56_F1_B2,0
sub_cadiz_substation_56_F1_B3,0
sub_cadiz_substation_56_F1_B4,0
sub_cadiz_substation_56_F1_B5,0
sub_cadiz_substation_56_F2_B0,0
sub_cadiz_substation_56_F2_B1,0
sub_cadiz_substation_56_F2_B2,0
sub_cadiz_substation_56_F2_B3,0
sub_cadiz_substation_56_F2_B4,0
sub_cadiz_substation_56_F2_B5,0
sub_cadiz_substation_56_F3_B0,0
sub_cadiz_substation_56_F3_B1,0
sub_cadiz_substation_56_F3_B2,0
sub_cadiz_substation_56_F3_B3,0
sub_cadiz_substation_56_F3_B4,0
sub_cadiz_substation_56_F3_B5,0
sub_san_jose_substation_116_F0_B0,0
sub_san_jose_substation_116_F0_B1,0
sub_san_jose_substation_116_F0_B2,0
sub_san_jose_substation_116_F0_B3,0
sub_san_jose_substation_116_F0_B4,0
sub_san_jose_substation_116_F0_B5,0
sub_san_jose_substation_116_F1_B0,0
sub_san_jose_substation_116_F1_B1,0
sub_san_jose_substation_116_F1_B2,0
sub_san_jose_substation_116_F1_B3,0
sub_san_jose_substation_116_F1_B4,0
sub_san_jose_substation_116_F1_B5,0
sub_san_jose_substation_116_F2_B0,0
sub_san_jose_substation_116_F2_B1,0
sub_san_jose_substation_116_F2_B2,0
sub_san_jose_substation_116_F2_B3,0
sub_san_jose_substation_116_F2_B4,0
sub_san_jose_substation_116_F2_B5,0
sub_san_jose_substation_116_F3_B0,0
sub_san_jose_substation_116_F3_B1,0
sub_cadiz_substation_96_F0_B0,0
sub_cadiz_substation_96_F0_B1,0
sub_cadiz_substation_96_F0_B2,0
sub_cadiz_substation_96_F0_B3,0
sub_cadiz_substation_96_F0_B4,0
sub_cadiz_substation_96_F0_B5,0
sub_cadiz_substation_96_F1_B0,0
sub_cadiz_substation_96_F1_B1,0
sub_cadiz_substation_96_F1_B2,0
sub_cadiz_substation_96_F1_B3,0
sub_cadiz_substation_96_F1_B4,0
sub_cadiz_substation_96_F1_B5,0
sub_cadiz_substation_96_F2_B0,0
sub_cadiz_substation_96_F2_B1,0
sub_cadiz_substation_96_F2_B2,0
sub_cadiz_substation_96_F2_B3,0
sub_cadiz_substation_96_F2_B4,0
sub_cadiz_substation_96_F2_B5,0
sub_cadiz_substation_96_F3_B0,0
sub_cadiz_substation_96_F3_B1,0
sub_cadiz_substation_96_F3_B2,0
sub_cadiz_substation_96_F3_B3,0
sub_cadiz_substation_96_F3_B4,0
sub_cadiz_substation_96_F3_B5,0
sub_osm_80_F0_B0,0
sub_osm_80_F0_B1,0
sub_osm_80_F0_B2,0
sub_osm_80_F0_B3,0
sub_osm_80_F0_B4,0
sub_osm_80_F0_B5,0
sub_osm_80_F1_B0,0
sub_osm_80_F1_B1,0
sub_osm_80_F1_B2,0
sub_osm_80_F1_B3,0
sub_osm_80_F1_B4,0
sub_osm_80_F1_B5,0
sub_osm_80_F2_B0,0
sub_osm_80_F2_B1,0
sub_osm_80_F2_B2,0
sub_osm_80_F2_B3,0
sub_osm_80_F2_B4,0
sub_osm_80_F2_B5,0
sub_osm_80_F3_B0,0
sub_osm_80_F3_B1,0
sub_osm_80_F3_B2,0
sub_osm_80_F3_B3,0
sub_osm_80_F3_B4,0
sub_osm_80_F3_B5,0
sub_sagay_substation_98_F0_B0,8
sub_sagay_substation_98_F0_B1,8
sub_sagay_substation_98_F0_B2,8
sub_sagay_substation_98_F0_B3,8
sub_sagay_substation_98_F0_B4,8
sub_sagay_substation_98_F0_B5,8
sub_sagay_substation_98_F1_B0,8
sub_sagay_substation_98_F1_B1,8
sub_sagay_substation_98_F1_B2,8
sub_sagay_substation_98_F1_B3,8
sub_sagay_substation_98_F1_B4,8
sub_sagay_substation_98_F1_B5,8
sub_sagay_substation_98_F2_B0,8
sub_sagay_substation_98_F2_B1,8
sub_sagay_substation_98_F2_B2,8
sub_sagay_substation_98_F2_B3,8
sub_sagay_substation_98_F2_B4,8
sub_sagay_substation_98_F2_B5,8
sub_sagay_substation_98_F3_B0,8
sub_sagay_substation_98_F3_B1,8
sub_sagay_substation_98_F3_B2,8
sub_sagay_substation_98_F3_B3,8
sub_sagay_substation_98_F3_B4,8
sub_sagay_substation_98_F3_B5,8
sub_calatrava_cable_terminal_112_F1_B0,0
sub_calatrava_cable_terminal_112_F1_B1,0
sub_calatrava_cable_terminal_112_F1_B2,0
sub_calatrava_cable_terminal_112_F1_B3,0
sub_calatrava_cable_terminal_112_F1_B4,0
sub_calatrava_cable_terminal_112_F1_B5,0
sub_calatrava_cable_terminal_112_F2_B0,0
sub_calatrava_cable_terminal_112_F2_B1,0
sub_calatrava_cable_terminal_112_F2_B2,0
sub_calatrava_cable_terminal_112_F2_B3,0
sub_calatrava_cable_terminal_112_F2_B4,0
sub_calatrava_cable_terminal_112_F2_B5,0
sub_calatrava_cable_terminal_112_F3_B0,0
sub_calatrava_cable_terminal_112_F3_B1,0
sub_calatrava_substation_113_F0_B0,0
sub_calatrava_substation_113_F0_B1,0
sub_calatrava_substation_113_F0_B2,0
sub_calatrava_substation_113_F0_B3,0
sub_calatrava_substation_113_F0_B4,0
sub_calatrava_substation_113_F0_B5,0
sub_calatrava_substation_113_F1_B0,0
sub_calatrava_substation_113_F1_B1,0
sub_calatrava_substation_113_F1_B2,0
sub_calatrava_substation_113_F1_B3,0
sub_calatrava_substation_113_F1_B4,0
sub_calatrava_substation_113_F1_B5,0
sub_calatrava_substation_113_F2_B0,0
sub_calatrava_substation_113_F2_B1,0
sub_calatrava_substation_113_F2_B2,0
sub_calatrava_substation_113_F2_B3,0
sub_calatrava_substation_113_F2_B4,0
sub_calatrava_substation_113_F2_B5,0
sub_calatrava_substation_113_F3_B0,0
sub_calatrava_substation_113_F3_B1,0
sub_ceneco_murcia_substation_7_F0_B0,10
sub_ceneco_murcia_substation_7_F0_B1,10
sub_ceneco_murcia_substation_7_F0_B2,10
sub_ceneco_murcia_substation_7_F0_B3,10
sub_ceneco_murcia_substation_7_F0_B4,10
sub_ceneco_murcia_substation_7_F0_B5,10
sub_ceneco_murcia_substation_7_F1_B0,10
sub_ceneco_murcia_substation_7_F1_B1,10
sub_ceneco_murcia_substation_7_F1_B2,10
sub_ceneco_murcia_substation_7_F1_B3,10
sub_ceneco_murcia_substation_7_F1_B4,10
sub_ceneco_murcia_substation_7_F1_B5,10
sub_ceneco_murcia_substation_7_F2_B0,10
sub_ceneco_murcia_substation_7_F2_B1,10
sub_ceneco_murcia_substation_7_F2_B2,10
sub_ceneco_murcia_substation_7_F2_B3,10
sub_ceneco_murcia_substation_7_F2_B4,10
sub_ceneco_murcia_substation_7_F2_B5,10
sub_ceneco_murcia_substation_7_F3_B0,10
sub_ceneco_murcia_substation_7_F3_B1,10
sub_ceneco_murcia_substation_7_F3_B2,10
sub_ceneco_murcia_substation_7_F3_B3,10
sub_ceneco_murcia_substation_7_F3_B4,10
sub_ceneco_murcia_substation_7_F3_B5,10
sub_panaogao_substation_78_F0_B0,23
sub_panaogao_substation_78_F0_B1,23
sub_panaogao_substation_78_F0_B2,23
sub_panaogao_substation_78_F0_B3,23
sub_panaogao_substation_78_F0_B4,23
sub_panaogao_substation_78_F0_B5,23
sub_panaogao_substation_78_F1_B0,23
sub_panaogao_substation_78_F1_B1,23
sub_panaogao_substation_78_F1_B2,23
sub_panaogao_substation_78_F1_B3,23
sub_panaogao_substation_78_F1_B4,23
sub_panaogao_substation_78_F1_B5,23
sub_panaogao_substation_78_F2_B0,23
sub_panaogao_substation_78_F2_B1,23
sub_panaogao_substation_78_F2_B2,23
sub_panaogao_substation_78_F2_B3,23
sub_panaogao_substation_78_F2_B4,23
sub_panaogao_substation_78_F2_B5,23
sub_panaogao_substation_78_F3_B0,23
sub_panaogao_substation_78_F3_B1,23
sub_panaogao_substation_78_F3_B2,23
sub_panaogao_substation_78_F3_B3,23
sub_panaogao_substation_78_F3_B4,23
sub_panaogao_substation_78_F3_B5,23
sub_bacayan_substation_79_F0_B0,24
sub_bacayan_substation_79_F0_B1,24
sub_bacayan_substation_79_F0_B2,24
sub_bacayan_substation_79_F0_B3,24
sub_bacayan_substation_79_F0_B4,24
sub_bacayan_substation_79_F0_B5,24
sub_bacayan_substation_79_F1_B0,24
sub_bacayan_substation_79_F1_B1,24
sub_bacayan_substation_79_F1_B2,24
sub_bacayan_substation_79_F1_B3,24
sub_bacayan_substation_79_F1_B4,24
sub_bacayan_substation_79_F1_B5,24
sub_bacayan_substation_79_F2_B0,24
sub_bacayan_substation_79_F2_B1,24
sub_bacayan_substation_79_F2_B2,24
sub_bacayan_substation_79_F2_B3,24
sub_bacayan_substation_79_F2_B4,24
sub_bacayan_substation_79_F2_B5,24
sub_bacayan_substation_79_F3_B0,24
sub_bacayan_substation_79_F3_B1,24
sub_bacayan_substation_79_F3_B2,24
sub_bacayan_substation_79_F3_B3,24
sub_bacayan_substation_79_F3_B4,24
sub_bacayan_substation_79_F3_B5,24
v1_06bacolod_F0_B0,0
v1_06bacolod_F0_B1,0
v1_06bacolod_F0_B2,0
v1_06bacolod_F0_B3,0
v1_06bacolod_F0_B4,0
v1_06bacolod_F0_B5,0
v1_06bacolod_F1_B0,0
v1_06bacolod_F1_B1,0
v1_06bacolod_F1_B2,0
v1_06bacolod_F1_B3,0
v1_06bacolod_F1_B4,0
v1_06bacolod_F1_B5,0
v1_06bacolod_F2_B0,0
v1_06bacolod_F2_B1,0
v1_06bacolod_F2_B2,0
v1_06bacolod_F2_B3,0
v1_06bacolod_F2_B4,0
v1_06bacolod_F2_B5,0
v1_06bacolod_F3_B0,0
v1_06bacolod_F3_B1,0
v1_06bacolod_F3_B2,0
v1_06bacolod_F3_B3,0
v1_06bacolod_F3_B4,0
v1_06bacolod_F3_B5,0
v1_06gahit_F0_B0,33
v1_06gahit_F0_B1,33
v1_06gahit_F0_B2,33
v1_06gahit_F0_B3,33
v1_06gahit_F0_B4,33
v1_06gahit_F0_B5,33
v1_06gahit_F1_B0,33
v1_06gahit_F1_B1,33
v1_06gahit_F2_B0,33
v1_06gahit_F2_B1,33
v1_06gahit_F2_B2,33
v1_06gahit_F2_B3,33
v1_06gahit_F2_B4,33
v1_06gahit_F2_B5,33
v1_06gahit_F3_B0,33
v1_06gahit_F3_B1,33
v1_06gahit_F3_B2,33
v1_06gahit_F3_B3,33
v1_06gahit_F3_B4,33
v1_06gahit_F3_B5,33
v1_06kabankalan_F0_B0,0
v1_06kabankalan_F0_B1,0
v1_06kabankalan_F0_B2,0
v1_06kabankalan_F0_B3,0
v1_06kabankalan_F0_B4,0
v1_06kabankalan_F0_B5,0
v1_06kabankalan_F1_B0,0
v1_06kabankalan_F1_B1,0
v1_06kabankalan_F1_B2,0
v1_06kabankalan_F1_B3,0
v1_06kabankalan_F1_B4,0
v1_06kabankalan_F1_B5,0
v1_06kabankalan_F2_B0,0
v1_06kabankalan_F2_B1,0
v1_06kabankalan_F2_B2,0
v1_06kabankalan_F2_B3,0
v1_06kabankalan_F2_B4,0
v1_06kabankalan_F2_B5,0
v1_06kabankalan_F3_B0,0
v1_06kabankalan_F3_B1,0
v1_06kabankalan_F3_B2,0
v1_06kabankalan_F3_B3,0
v1_06kabankalan_F3_B4,0
v1_06kabankalan_F3_B5,0
sub_bio_os_cable_terminal_66_F1_B0,0
sub_bio_os_cable_terminal_66_F1_B1,0
sub_bio_os_cable_terminal_66_F1_B2,0
sub_bio_os_cable_terminal_66_F1_B3,0
sub_bio_os_cable_terminal_66_F1_B4,0
sub_bio_os_cable_terminal_66_F1_B5,0
sub_bio_os_cable_terminal_66_F2_B0,0
sub_bio_os_cable_terminal_66_F2_B1,0
sub_bio_os_cable_terminal_66_F2_B2,0
sub_bio_os_cable_terminal_66_F2_B3,0
sub_bio_os_cable_terminal_66_F2_B4,0
sub_bio_os_cable_terminal_66_F2_B5,0
sub_bio_os_cable_terminal_66_F3_B0,0
sub_bio_os_cable_terminal_66_F3_B1,0
sub_bio_os_cable_terminal_66_F3_B2,0
sub_bio_os_cable_terminal_66_F3_B3,0
sub_bio_os_cable_terminal_66_F3_B4,0
sub_bio_os_cable_terminal_66_F3_B5,0
sub_amlan_substation_33_F0_B0,0
sub_amlan_substation_33_F1_B0,0
sub_amlan_substation_33_F1_B1,0
sub_amlan_substation_33_F1_B2,0
sub_amlan_substation_33_F1_B3,0
sub_amlan_substation_33_F1_B4,0
sub_amlan_substation_33_F1_B5,0
sub_amlan_substation_33_F2_B0,0
sub_amlan_substation_33_F2_B1,0
sub_amlan_substation_33_F2_B2,0
sub_amlan_substation_33_F2_B3,0
sub_amlan_substation_33_F2_B4,0
sub_amlan_substation_33_F2_B5,0
sub_amlan_substation_33_F3_B0,0
sub_amlan_substation_33_F3_B1,0
sub_amlan_substation_33_F3_B2,0
sub_amlan_substation_33_F3_B3,0
sub_amlan_substation_33_F3_B4,0
sub_amlan_substation_33_F3_B5,0
sub_bagacay_substation_90_F0_B0,43
sub_bagacay_substation_90_F0_B1,43
sub_bagacay_substation_90_F0_B2,43
sub_bagacay_substation_90_F0_B3,43
sub_bagacay_substation_90_F0_B4,43
sub_bagacay_substation_90_F0_B5,43
sub_bagacay_substation_90_F1_B0,43
sub_bagacay_substation_90_F1_B1,43
sub_bagacay_substation_90_F1_B2,43
sub_bagacay_substation_90_F1_B3,43
sub_bagacay_substation_90_F1_B4,43
sub_bagacay_substation_90_F1_B5,43
sub_bagacay_substation_90_F2_B0,43
sub_bagacay_substation_90_F2_B1,43
sub_bagacay_substation_90_F2_B2,43
sub_bagacay_substation_90_F2_B3,43
sub_bagacay_substation_90_F2_B4,43
sub_bagacay_substation_90_F2_B5,43
sub_bagacay_substation_90_F3_B0,43
sub_bagacay_substation_90_F3_B1,43
sub_dauin_substation_94_F0_B0,53
sub_dauin_substation_94_F0_B1,53
sub_dauin_substation_94_F0_B2,53
sub_dauin_substation_94_F0_B3,53
sub_dauin_substation_94_F0_B4,53
sub_dauin_substation_94_F0_B5,53
sub_dauin_substation_94_F1_B0,53
sub_dauin_substation_94_F1_B1,53
sub_dauin_substation_94_F1_B2,53
sub_dauin_substation_94_F1_B3,53
sub_dauin_substation_94_F1_B4,53
sub_dauin_substation_94_F1_B5,53
sub_dauin_substation_94_F2_B0,53
sub_dauin_substation_94_F2_B1,53
sub_dauin_substation_94_F2_B2,53
sub_dauin_substation_94_F2_B3,53
sub_dauin_substation_94_F2_B4,53
sub_dauin_substation_94_F2_B5,53
sub_siaton_substation_103_F0_B0,27
sub_siaton_substation_103_F0_B1,27
sub_siaton_substation_103_F0_B2,27
sub_siaton_substation_103_F0_B3,27
sub_siaton_substation_103_F0_B4,27
sub_siaton_substation_103_F0_B5,27
sub_siaton_substation_103_F1_B0,27
sub_siaton_substation_103_F1_B1,27
sub_siaton_substation_103_F1_B2,27
sub_siaton_substation_103_F1_B3,27
sub_siaton_substation_103_F1_B4,27
sub_siaton_substation_103_F1_B5,27
sub_siaton_substation_103_F2_B0,27
sub_siaton_substation_103_F2_B1,27
sub_siaton_substation_103_F2_B2,27
sub_siaton_substation_103_F2_B3,27
sub_siaton_substation_103_F2_B4,27
sub_siaton_substation_103_F2_B5,27
sub_siaton_substation_103_F3_B0,27
sub_siaton_substation_103_F3_B1,27
sub_siaton_substation_103_F3_B2,27
sub_siaton_substation_103_F3_B3,27
sub_siaton_substation_103_F3_B4,27
sub_siaton_substation_103_F3_B5,27
sub_pulantubig_substation_107_F0_B0,47
sub_pulantubig_substation_107_F0_B1,47
sub_pulantubig_substation_107_F0_B2,47
sub_pulantubig_substation_107_F0_B3,47
sub_pulantubig_substation_107_F1_B0,47
sub_pulantubig_substation_107_F1_B1,47
sub_pulantubig_substation_107_F1_B2,47
sub_pulantubig_substation_107_F1_B3,47
sub_pulantubig_substation_107_F1_B4,47
sub_pulantubig_substation_107_F1_B5,47
sub_pulantubig_substation_107_F2_B0,47
sub_pulantubig_substation_107_F2_B1,47
sub_pulantubig_substation_107_F2_B2,47
sub_pulantubig_substation_107_F2_B3,47
sub_pulantubig_substation_107_F2_B4,47
sub_pulantubig_substation_107_F2_B5,47
sub_pulantubig_substation_107_F3_B0,47
sub_pulantubig_substation_107_F3_B1,47
sub_pulantubig_substation_107_F3_B2,47
sub_tanjay_substation_108_F0_B0,44
sub_tanjay_substation_108_F0_B1,44
sub_tanjay_substation_108_F1_B0,44
sub_tanjay_substation_108_F1_B1,44
sub_tanjay_substation_108_F1_B2,44
sub_tanjay_substation_108_F1_B3,44
sub_tanjay_substation_108_F1_B4,44
sub_tanjay_substation_108_F1_B5,44
sub_tanjay_substation_108_F2_B0,44
sub_tanjay_substation_108_F2_B1,44
sub_tanjay_substation_108_F2_B2,44
sub_tanjay_substation_108_F2_B3,44
sub_tanjay_substation_108_F2_B4,44
sub_tanjay_substation_108_F2_B5,44
sub_tanjay_substation_108_F3_B0,44
sub_tanjay_substation_108_F3_B1,44
sub_tanjay_substation_108_F3_B2,44
sub_tanjay_substation_108_F3_B3,44
sub_tanjay_substation_108_F3_B4,44
sub_tanjay_substation_108_F3_B5,44
sub_bindoy_substation_109_F0_B0,54
sub_bindoy_substation_109_F0_B1,54
sub_bindoy_substation_109_F1_B0,54
sub_bindoy_substation_109_F1_B1,54
sub_bindoy_substation_109_F1_B2,54
sub_bindoy_substation_109_F1_B3,54
sub_bindoy_substation_109_F1_B4,54
sub_bindoy_substation_109_F1_B5,54
sub_bindoy_substation_109_F2_B0,54
sub_bindoy_substation_109_F2_B1,54
sub_bindoy_substation_109_F2_B2,54
sub_bindoy_substation_109_F2_B3,54
sub_bindoy_substation_109_F2_B4,54
sub_bindoy_substation_109_F2_B5,54
sub_bindoy_substation_109_F3_B0,54
sub_bindoy_substation_109_F3_B1,54
sub_bindoy_substation_109_F3_B2,54
sub_osm_120_F0_B0,55
sub_osm_120_F0_B1,55
sub_osm_120_F0_B2,55
sub_osm_120_F0_B3,55
sub_osm_120_F1_B0,55
sub_osm_120_F1_B1,55
sub_osm_120_F1_B2,55
sub_osm_120_F1_B3,55
sub_osm_120_F1_B4,55
sub_osm_120_F1_B5,55
sub_osm_120_F2_B0,55
sub_osm_120_F2_B1,55
sub_osm_120_F2_B2,55
sub_osm_120_F2_B3,55
sub_osm_120_F2_B4,55
sub_osm_120_F2_B5,55
sub_osm_120_F3_B0,55
v1_06mabinay_F0_B0,0
v1_06mabinay_F0_B1,0
v1_06mabinay_F0_B2,0
v1_06mabinay_F0_B3,0
v1_06mabinay_F0_B4,0
v1_06mabinay_F0_B5,0
v1_06mabinay_F1_B0,0
v1_06mabinay_F1_B1,0
v1_06mabinay_F1_B2,0
v1_06mabinay_F1_B3,0
v1_06mabinay_F1_B4,0
v1_06mabinay_F1_B5,0
v1_06mabinay_F2_B0,0
v1_06mabinay_F2_B1,0
v1_06mabinay_F2_B2,0
v1_06mabinay_F2_B3,0
v1_06mabinay_F2_B4,0
v1_06mabinay_F2_B5,0
v1_06mabinay_F3_B0,0
v1_06mabinay_F3_B1,0
v1_06mabinay_F3_B2,0
v1_06mabinay_F3_B3,0
v1_06mabinay_F3_B4,0
v1_06mabinay_F3_B5,0
v1_06pgpp1_F0_B0,0
v1_06pgpp1_F0_B1,0
v1_06pgpp1_F0_B2,0
v1_06pgpp1_F0_B3,0
v1_06pgpp1_F0_B4,0
v1_06pgpp1_F0_B5,0
v1_06pgpp1_F1_B0,0
v1_06pgpp1_F1_B1,0
v1_06pgpp1_F1_B2,0
v1_06pgpp1_F1_B3,0
v1_06pgpp1_F1_B4,0
v1_06pgpp1_F1_B5,0
v1_06pgpp1_F2_B0,0
v1_06pgpp1_F2_B1,0
v1_06pgpp1_F2_B2,0
v1_06pgpp1_F2_B3,0
v1_06pgpp1_F2_B4,0
v1_06pgpp1_F2_B5,0
v1_06pgpp1_F3_B0,0
v1_06pgpp1_F3_B1,0
v1_06pgpp1_F3_B2,0
v1_06pgpp1_F3_B3,0
v1_06pgpp1_F3_B4,0
v1_06pgpp1_F3_B5,0
v1_06pgpp2_F0_B0,0
v1_06pgpp2_F0_B1,0
v1_06pgpp2_F0_B2,0
v1_06pgpp2_F0_B3,0
v1_06pgpp2_F0_B4,0
v1_06pgpp2_F0_B5,0
v1_06pgpp2_F1_B0,0
v1_06pgpp2_F1_B1,0
v1_06pgpp2_F1_B2,0
v1_06pgpp2_F1_B3,0
v1_06pgpp2_F1_B4,0
v1_06pgpp2_F1_B5,0
v1_06pgpp2_F2_B0,0
v1_06pgpp2_F2_B1,0
v1_06pgpp2_F2_B2,0
v1_06pgpp2_F2_B3,0
v1_06pgpp2_F2_B4,0
v1_06pgpp2_F2_B5,0
v1_06pgpp2_F3_B0,0
v1_06pgpp2_F3_B1,0
v1_06pgpp2_F3_B2,0
v1_06pgpp2_F3_B3,0
v1_06pgpp2_F3_B4,0
v1_06pgpp2_F3_B5,0
